train_no,train_name,source_station_code,destination_station_code
11013,COIMBATORE E,LTT,CBE
11014,LOKMANYA TT,CBE,LTT
11017,LTT-KIK WEEK,LTT,KIK
11018,KARAIKAL LTT,KIK,LTT
11021,DR-TEN EXPRE,DR,TEN
11022,TEN - DR EXP,TEN,DR
11035,SHARAVATHI E,DR,MYS
11036,SHARAVATI EX,MYS,DR
11053,LTT-AMH EXPR,LTT,AMH
11054,AMH-LTT EXPR,AMH,LTT
11059,CHHAPRA EXPR,LTT,CPR
11060,CPR LTT EXPR,CPR,LTT
11063,MS SA SUPER,MS,SA
11064,SA MS SUPERF,SA,MS
11071,KAMAYANI EXP,LTT,BSB
11072,KAMAYANI EXP,BSB,LTT
11073,LTT-MAS EXPR,LTT,MAS
11074,CHENNAI - LT,MAS,LTT
11077,JHELUM EXPRE,PUNE,JAT
11078,JHELUM EXPRE,JAT,PUNE
11087,VRL-PUNE EXP,VRL,PUNE
11088,PUNE-VRL EXP,PUNE,VRL
11091,BHUJ PUNE EX,BHUJ,PUNE
11092,PUNE BHUJ EX,PUNE,BHUJ
11095,AHIMSA EXPRE,ADI,PUNE
11096,AHIMSA EXPRE,PUNE,ADI
11097,POORNA EXPRE,PUNE,ERS
11098,POORNA EXPRE,ERS,PUNE
11101,PUNE-GWALIOR,PUNE,GWL
11102,GWL-PUNE EXP,GWL,PUNE
11107,BUNDELKHAND,GWL,BSB
11108,BUNDELKHAND,BSB,GWL
11125,IND-GWL EXP,INDB,GWL
11126,GWL-IND EXP,GWL,INDB
11203,NAGPUR JAIPU,NGP,JP
11204,JAIPUR NAGPU,JP,NGP
11205,LTT-NZB EXPR,LTT,NZB
11206,NZB-LTT WEEK,NZB,LTT
11265,JBP-ABKP EXP,JBP,ABKP
11266,ABKP-JBP EXP,ABKP,JBP
11405,PUNE-AMRAVAT,PUNE,AMI
11406,AMRAVAI-PUNE,AMI,PUNE
11407,PUNE-LJN EXP,PUNE,LJN
11408,LJN-PUNE EXP,LJN,PUNE
11447,SHAKTIPUNJ E,JBP,HWH
11448,SHAKTIPUNJ E,HWH,JBP
11651,JBP-SGRL INT,JBP,SGRL
11652,SGRL-JBP INT,SGRL,JBP
11701,JBP-INDB INT,JBP,INDB
11702,INDB-JBP INT,INDB,JBP
12003,LKO-NDLS SHA,LJN,NDLS
12004,NDLS-LKO SHA,NDLS,LJN
12007,MAS-MYS SHAT,MAS,MYS
12008,MYS-MAS SHAT,MYS,MAS
12009,SHATABDI EXP,BCT,ADI
12010,SHATABDI EXP,ADI,BCT
12013,NDLS-ASR SHA,NDLS,ASR
12014,ASR-NDLS SHA,ASR,NDLS
12017,NDLS-DDN SHA,NDLS,DDN
12018,DDN-NDLS SHA,DDN,NDLS
12019,HOWRAH RANCH,HWH,RNC
12020,RNC HWH SHAT,RNC,HWH
12023,HOWRAH PATNA,HWH,PNBE
12024,PATNA HOWRAH,PNBE,HWH
12025,PUNE-SC SHAT,PUNE,SC
12026,SC-PUNE SHAT,SC,PUNE
12027,MAS-SBC SHAT,MAS,SBC
12028,SBC-MAS SHAT,SBC,MAS
12029,SWARNA SHATA,NDLS,ASR
12030,SWARNA SHATA,ASR,NDLS
12031,NDLS-ASR-SHA,NDLS,ASR
12032,ASR-NDLS SHA,ASR,NDLS
12033,CNB NDLS SHT,CNB,NDLS
12034,NDLS CNB SHA,NDLS,CNB
12035,JP AF SHATAB,JP,AF
12036,AF JP SHATAB,AF,JP
12037,NDLS-LDH SHA,NDLS,LDH
12038,LDH-NDLS SHA,LDH,NDLS
12043,NDLS-MOGA SH,NDLS,MOGA
12044,MOGA-NDLS SH,MOGA,NDLS
12045,NDLS-CDG SHA,NDLS,CDG
12046,CDG-NDLS SHA,CDG,NDLS
12049,GATIMAN EXPR,AGC,NZM
12050,GATIMAN EXPR,NZM,AGC
12055,DDN JANSHATA,NDLS,DDN
12056,NEWDELHI JAN,DDN,NDLS
12073,HWH-BBS JAN,HWH,BBS
12074,BBS-HWH JAN,BBS,HWH
12077,MAS-BZA JAN,MAS,BZA
12078,BZA-MAS-JAN,BZA,MAS
12085,GHY-DBRG SHA,GHY,DBRG
12086,DBRG-GHY SHA,DBRG,GHY
12087,NHLN - GHY S,NHLN,GHY
12088,GHY - NHLN S,GHY,NHLN
12101,JNANESWARI D,LTT,HWH
12102,JNANESWARISU,HWH,LTT
12103,PUNE-LKO EXP,PUNE,LJN
12104,LJN-PUNE EXP,LJN,PUNE
12107,LTT-LJN EXPR,LTT,LJN
12108,LJN-LTT EXPR,LJN,LTT
12113,PUNE-NGP GAR,PUNE,NGP
12114,NGP-PUNE GAR,NGP,PUNE
12117,LTT MANMAD E,LTT,MMR
12118,MANMAD LTT E,MMR,LTT
12121,M P SMPRK KR,JBP,NZM
12122,M P S KRANTI,NZM,JBP
12129,AZAD HIND EX,PUNE,HWH
12130,HOWRAH PUNE,HWH,PUNE
12135,PUNE-NGP EXP,PUNE,NGP
12136,NGP-PUNE EXP,NGP,PUNE
12143,LTT-SLN SF E,LTT,SLN
12144,SLN LTT SF S,SLN,LTT
12145,LTT-PURI WEE,LTT,PURI
12146,PURI-LTT WEE,PURI,LTT
12151,SAMARSATA EX,LTT,HWH
12152,HWH-LTT SAMR,HWH,LTT
12159,AMI- JBP SUF,AMI,JBP
12160,JBP-AMI  SUF,JBP,AMI
12161,LASHKAR EXPR,LTT,AGC
12162,LASHKAR EXPR,AGC,LTT
12163,CHENNAI EXPR,DR,MS
12164,CHENNAI EXP,MS,DR
12165,LTT BSB SUP,LTT,BSB
12166,BSB LTT SUP,BSB,LTT
12167,LTT(T)-BSB S,LTT,BSB
12168,BSB-LTT SF E,BSB,LTT
12175,CHAMBAL EXP,HWH,GWL
12176,CHAMBAL EXPR,GWL,HWH
12177,CHAMBAL EXP,HWH,MTJ
12178,CHAMBAL EXP,MTJ,HWH
12179,INTERCITY,LJN,AGC
12180,INTERCITY,AGC,LJN
12189,JBP-NZM MAHA,JBP,NZM
12190,NZM-JBP MAHA,NZM,JBP
12191,SHRIDHAM SUP,NDLS,JBP
12192,JBP-NDLS SUF,JBP,NDLS
12193,YPR-JBP WEEK,YPR,JBP
12194,JBP-YPR WEEK,JBP,YPR
12205,NANDA DEVI E,NDLS,DDN
12206,NANDA DEVI E,DDN,NDLS
12213,DEE-YPR DURA,YPR,DEE
12214,DEE-YPR DURO,DEE,YPR
12215,DEE-BDTS GAR,DEE,BDTS
12216,BDTS-DEE GAR,BDTS,DEE
12219,LTT-SC AC DU,LTT,SC
12220,SC-LTT AC DU,SC,LTT
12221,PA-HWH DURAN,PUNE,HWH
12222,HWH-PUNE DUR,HWH,PUNE
12223,LTT-ERS DURO,LTT,ERS
12224,ERS-LTT DURO,ERS,LTT
12225,KAIFIAT EXP,AMH,DLI
12226,KAIFIAT EXP,DLI,AMH
12227,INDORE DURON,BCT,INDB
12228,MUMBAI DURON,INDB,BCT
12229,LUCKNOW MAIL,LKO,NDLS
12230,LUCKNOW MAIL,NDLS,LKO
12231,LKO - CDG EX,LKO,CDG
12232,CDG - LKO EX,CDG,LKO
12235,GHY-NDLS RAJ,DBRG,NDLS
12236,NDLS-GHY RAJ,NDLS,DBRG
12237,BSB-JAT EXP.,BSB,JAT
12238,JAT-BSB EXP.,JAT,BSB
12239,JAIPUR DURON,BCT,JP
12240,JP BCT DURON,JP,BCT
12241,CDG-ASR SUPE,CDG,ASR
12242,ASR-CDG SUPE,ASR,CDG
12243,MAS-CBE SHAT,MAS,CBE
12244,CBE-MAS  SHA,CBE,MAS
12245,HWH - YPR WE,HWH,YPR
12246,YPR - HWH WE,YPR,HWH
12247,BDTS NZM YUV,BDTS,NZM
12248,NZM  BDTS  Y,NZM,BDTS
12251,WAINGANGA EX,YPR,KRBA
12252,WAINGANGA EX,KRBA,YPR
12253,YPR-BGP ANGA,YPR,BGP
12254,BGP-YPR ANGA,BGP,YPR
12259,NDLS DURONTO,SDAH,NDLS
12260,SDAH DURONTO,NDLS,SDAH
12263,PUNE-NZM DUR,PUNE,NZM
12264,NZM-PUNE DUR,NZM,PUNE
12265,DEE-JAT DURO,DEE,JAT
12266,JAT-DEE,JAT,DEE
12267,ADI DURONTO,BCT,ADI
12268,BCT DURONTO,ADI,BCT
12269,MAS-NZM DURA,MAS,NZM
12270,NZM-MAS DURA,NZM,MAS
12273,HWH NDLS DUR,HWH,NDLS
12274,HWH DURONTO,NDLS,HWH
12275,ALD-NDLS-DUR,ALD,NDLS
12276,NDLS-ALD-DUR,NDLS,ALD
12277,HWH-PURI SHA,HWH,PURI
12278,PURI-HWH SHA,PURI,HWH
12281,BBS-NDLS DUR,BBS,NDLS
12282,NDLS-BBS DUR,NDLS,BBS
12283,ERS-NZM DURO,ERS,NZM
12284,NZM-ERS DURO,NZM,ERS
12285,SC-NZM DORON,SC,NZM
12286,NZM-SC DURON,NZM,SC
12291,YPR-MAS EXP,YPR,MAS
12292,MAS-YPR EXP,MAS,YPR
12293,LTT-ALD DURA,LTT,ALD
12294,ALD-LTT DURA,ALD,LTT
12297,ADI-PUNE DUR,ADI,PUNE
12298,PUNE-ADI DOR,PUNE,ADI
12301,KOLKATA RAJD,HWH,NDLS
12302,KOLKATA RAJD,NDLS,HWH
12303,POORVA EXPRE,HWH,NDLS
12304,POORVA EXPRE,NDLS,HWH
12305,KOLKATA RAJD,HWH,NDLS
12306,KOLKATA RAJD,NDLS,HWH
12307,HWH-JU EXP,HWH,JU
12308,JU-HWH SUPFA,JU,HWH
12309,PATNA RAJDHA,RJPB,NDLS
12310,PATNA RAJDHA,NDLS,RJPB
12313,SDAH RAJDHAN,SDAH,NDLS
12314,SDAH RAJDHAN,NDLS,SDAH
12317,AKAL TAKHT E,KOAA,ASR
12318,AKAL TAKHAT,ASR,KOAA
12319,KOAA-AGC WEE,KOAA,AGC
12320,AGC-KOAA WEE,AGC,KOAA
12327,UPASANA EXPR,HWH,DDN
12328,UPASANA EXPR,DDN,HWH
12331,HIMGIRI EXPR,HWH,JAT
12332,HIMGIRI EXPR,JAT,HWH
12333,VIBHUTI EXPR,HWH,ALY
12334,VIBHUTI EXPR,ALY,HWH
12335,BGP-LT(T) EX,BGP,LTT
12336,LTT-BGP EXP,LTT,BGP
12339,COALFIELD EX,HWH,DHN
12340,COALFIELD EX,DHN,HWH
12341,AGNIVEENA EX,HWH,ASN
12342,AGNIVEENA EX,ASN,HWH
12345,SARAIGHAT EX,HWH,GHY
12346,SARAIGHAT EX,GHY,HWH
12349,BGP NDLS EXP,BGP,NDLS
12350,NDLS BGP  EX,NDLS,BGP
12351,DANAPUR EXPR,HWH,RJPB
12352,DANAPUR EXP,RJPB,HWH
12355,ARCHNA EXPRE,RJPB,JAT
12356,ARCHNA EXPRE,JAT,RJPB
12357,DURGIANA EXP,KOAA,ASR
12358,ASR KOAA SUP,ASR,KOAA
12359,PNBE GARIB R,KOAA,PNBE
12360,KOL GARIB RA,PNBE,KOAA
12365,PNBE-RNC JAN,PNBE,RNC
12366,RNC-PNBE JAN,RNC,PNBE
12375,MAS ASN  EXP,MAS,ASN
12376,ASN MAS  EXP,ASN,MAS
12379,JALIANWALA B,SDAH,ASR
12380,JALIANWALA B,ASR,SDAH
12381,POORVA EXPRE,HWH,NDLS
12382,POORVA EXPRE,NDLS,HWH
12383,SDAH-ASN INT,SDAH,ASN
12384,INTERCITY EX,ASN,SDAH
12391,SHRAMJEEVI E,RGD,NDLS
12392,SHRAMJEEVI E,NDLS,RGD
12393,SAMPOORNA KR,RJPB,NDLS
12394,SAMPOORNKRAN,NDLS,RJPB
12409,GONDWANA EXP,RIG,NZM
12410,GONDWANA EXP,NZM,RIG
12411,CDG-ASR INTE,CDG,ASR
12412,ASR-CDG INTE,ASR,CDG
12415,IND NZM EXPR,INDB,DEE
12416,INTERCITY  E,DEE,INDB
12417,PRAYAG RAJ E,ALD,NDLS
12418,PRAYAG RAJ E,NDLS,ALD
12419,GOMTI EXP,LKO,NDLS
12420,GOMTI EXPRES,NDLS,LKO
12423,DBRT-NDLS RA,DBRT,NDLS
12424,NDLS-DBRT RA,NDLS,DBRT
12425,NDLS-JAT RAJ,NDLS,JAT
12426,JAT-NDLS RAJ,JAT,NDLS
12433,MAS-NZM RAJD,MAS,NZM
12434,NZM-MAS RAJD,NZM,MAS
12435,DBRT - NDLS,DBRT,NDLS
12436,NDLS - DBRT,NDLS,DBRT
12437,RAJDHANI EXP,SC,NZM
12438,NZM SC RAJDH,NZM,SC
12439,RNC NDLS RAJ,RNC,NDLS
12440,NDLS RNC RAJ,NDLS,RNC
12451,SHRAM SHKTI,CNB,NDLS
12452,SHRAM SHKTI,NDLS,CNB
12453,RNC-NDLS,RNC,NDLS
12454,NDLS-RNC,NDLS,RNC
12459,ASR-NDLS EXP,NDLS,ASR
12460,ASR-NDLS EXP,ASR,NDLS
12461,MANDOR EXPRE,DLI,JU
12462,MANDOR EXPRE,JU,DLI
12463,RAJSTHN S KR,DEE,JU
12464,RJSTHN S KRN,JU,DEE
12465,RANTHAMBORE,INDB,JU
12466,INTERCITY EX,JU,INDB
12469,CNB-JAT EXPR,CNB,JAT
12470,JAT-CNB EXPR,JAT,CNB
12479,SURYA NAGRI,JU,BDTS
12480,SURYANAGARI,BDTS,JU
12493,PUNE-NZM AC,PUNE,NZM
12494,NZM-PUNE AC,NZM,PUNE
12497,SHANE PUNJAB,NDLS,ASR
12498,SHANE PUNJAB,ASR,NDLS
12501,POORVATTAR S,GHY,NDLS
12502,POORVATTAR S,NDLS,GHY
12509,SBC -GHY EXP,BNC,GHY
12510,GHY-SBC EXP,GHY,BNC
12513,SC - GHY EXP,SC,GHY
12514,GHY - SC EXP,GHY,SC
12517,GARIB RATH E,KOAA,GHY
12518,GARIB RATH E,GHY,KOAA
12525,KOAA - DBRG,KOAA,DBRG
12526,DBRG - KOAA,DBRG,KOAA
12527,RMR-CDG - WE,RMR,CDG
12539,YPR-LKO EXPR,YPR,LKO
12540,LKO-YPR EXPR,LKO,YPR
12547,AF-ADI SUPER,AF,ADI
12548,ADI-AF SUPER,ADI,AF
12549,DURG - JAT S,DURG,JAT
12550,JAT - DURG S,JAT,DURG
12603,HYDERABAD EX,MAS,HYB
12604,CHENNAI EXP,HYB,MAS
12607,MAS-SBC LALB,MAS,SBC
12608,SBC-MAS LALB,SBC,MAS
12609,MAS-SBC EXP,MAS,SBC
12610,SBC-MAS EXP,SBC,MAS
12611,MAS-NZM GARI,MAS,NZM
12612,NZM-MAS GARI,NZM,MAS
12613,TIPU EXPRESS,MYS,SBC
12614,TIPPU EXP,SBC,MYS
12615,MAS-NDLS GRA,MAS,DEE
12616,G T EXPRESS,DEE,MAS
12617,MANGALA LDWE,ERS,NZM
12618,MNGLA LKSDP,NZM,ERS
12621,MAS-NDLS TAM,MAS,NDLS
12622,NDLS-MAS TAM,NDLS,MAS
12627,SBC-NDLS KAR,SBC,NDLS
12628,NDLS-SBC KAR,NDLS,SBC
12629,SAMPARKRANTH,YPR,NZM
12630,SAMPARKRANTH,NZM,YPR
12631,MS-TEN NELLA,MS,TEN
12632,TEN-MS NELLA,TEN,MS
12639,MAS-SBC BRIN,MAS,SBC
12640,SBC-MAS BRIN,SBC,MAS
12645,ERS-NZM MILL,ERS,NZM
12646,ERS-NZM  MIL,NZM,ERS
12647,KONGU EXPRES,CBE,NZM
12648,KONGU EXPRES,NZM,CBE
12649,SAMPARKAKRAN,YPR,NZM
12650,SAMPARKAKRAN,NZM,YPR
12653,ROCKFORT EXP,MS,TPJ
12654,ROCKFORT EXP,TPJ,MS
12655,NAVAJEEVAN E,ADI,MAS
12656,NAVAJEEVAN E,MAS,ADI
12657,MAS-SBC MAIL,MAS,SBC
12658,SBC-MAS MAIL,SBC,MAS
12663,HWH-TPJ EXPR,HWH,TPJ
12664,TPJ-HWH EXP,TPJ,HWH
12669,MAS-CPR GANG,MAS,CPR
12670,CPR-MAS GANG,CPR,MAS
12673,MAS-CBE CHER,MAS,CBE
12674,CBE-MAS CHER,CBE,MAS
12675,MAS-CBE KOVA,MAS,CBE
12676,CBE-MAS KOVA,CBE,MAS
12677,SBC-ERS INTE,SBC,ERS
12678,ERS-SBC INTE,ERS,SBC
12679,MAS-CBE INTE,MAS,CBE
12680,CBE-MAS INTE,CBE,MAS
12681,MAS CBE EXP,MAS,CBE
12682,CHENNAI EXP,CBE,MAS
12683,ERS-SBC EXP,ERS,SBC
12684,SBC-ERS EXP,SBC,ERS
12703,HWH-SC FALAK,HWH,SC
12704,SC-HWH FALAK,SC,HWH
12707,TPTY-NZM AP,TPTY,NZM
12708,AP SAMPARK K,NZM,TPTY
12711,BZA-MAS PINA,BZA,MAS
12712,MAS-BZA PINA,MAS,BZA
12713,BZA-SC SATAV,BZA,SC
12714,SC-BZA SATAV,SC,BZA
12721,HYB-NZM DAKS,HYB,NZM
12722,NZM-HYB DAKS,NZM,HYB
12723,TELANGANA EX,HYB,NDLS
12724,TELANGANA EX,NDLS,HYB
12731,TPTY-SC EXP,TPTY,SC
12732,SC-TPTY EXP,SC,TPTY
12733,TPTY-SC NARA,TPTY,SC
12734,SC-TPTY NARA,SC,TPTY
12735,SC-YPR GARIB,SC,YPR
12736,YPR-SC GARIB,YPR,SC
12759,MAS-HYB CHAR,MAS,HYB
12760,HYB-MAS CHAR,HYB,MAS
12761,TPTY-KRMR  E,TPTY,KRMR
12762,KRMR-TPTY EX,KRMR,TPTY
12763,TPTY-SC PADM,TPTY,SC
12764,SC-TPTY PADM,SC,TPTY
12765,TPTY-AMI EXP,TPTY,AMI
12766,AMI-TPTY EXP,AMI,TPTY
12769,TPTY-SC  SEV,TPTY,SC
12770,SC-TPTY  SEV,SC,TPTY
12771,SC-NGP  EXP,SC,NGP
12772,NGP-SC EXP,NGP,SC
12781,SWARNA JAYAN,MYS,NZM
12782,SWARNA JAYAN,NZM,MYS
12785,KCG-SBC EXP,KCG,SBC
12786,SBC-KCG EXP,SBC,KCG
12795,BZA-SC SUP E,BZA,SC
12796,SC-BZA SUP E,SC,BZA
12801,PURI-NDLS PU,PURI,NDLS
12802,NDLS-PURI PU,NDLS,PURI
12815,NANDAN KANAN,PURI,NDLS
12816,NANDAN KANAN,NDLS,PURI
12821,HWH-BBS-PURI,HWH,PURI
12822,PURI-BBS-HWH,PURI,HWH
12823,DURG-NZM CG,DURG,NZM
12824,NZM-DURG CG,NZM,DURG
12825,RNC NDLS SAM,RNC,NDLS
12826,NDLS RNC SAM,NDLS,RNC
12829,CEN-BBS WEEK,MAS,BBS
12830,BBS-CEN WEEK,BBS,MAS
12833,ADI -HOWRAH,ADI,HWH
12834,HOWRAH-AHMED,HWH,ADI
12837,HOWRAH-PURI,HWH,PURI
12838,PURI-HWH EXP,PURI,HWH
12839,HWH-MAS MAIL,HWH,MAS
12840,MAS-HWH MAIL,MAS,HWH
12841,HOWRAH-CHENN,HWH,MAS
12842,COROMANDEL E,MAS,HWH
12843,PUI-ADI S/F,PURI,ADI
12844,ADI-PURI S/F,ADI,PURI
12845,BBS-YPR S/FA,BBS,BNC
12846,BHUBANESHWAR,BNC,BBS
12863,HOWRAH YESVA,HWH,YPR
12864,YPR HOWRAH E,YPR,HWH
12871,HWH-TIG ISPA,HWH,TIG
12872,TIG-HWH ISPA,TIG,HWH
12875,PURI-NDLS NE,PURI,NDLS
12876,NDLS-PURI NE,NDLS,PURI
12877,RNC-NDLS GBR,RNC,NDLS
12878,NDLS RNC GBR,NDLS,RNC
12879,LTT-BBS BI-W,LTT,BBS
12880,BBS-LTT BI-W,BBS,LTT
12881,HWH-PURI GAR,HWH,PURI
12882,PURI-HWH GAR,PURI,HWH
12887,HWH-PURI S/F,HWH,PURI
12888,PURI-HWH S/F,PURI,HWH
12893,BBS-BLGR S/F,BBS,BLGR
12894,BLGR-BBS S/F,BLGR,BBS
12895,HWH-PURI WEE,HWH,PURI
12896,PURI-HWH WEE,PURI,HWH
12901,GUJARAT MAIL,BCT,ADI
12902,GUJARAT MAIL,ADI,BCT
12903,GOLDENTEMPLE,BCT,ASR
12904,GOLDN TEMPLE,ASR,BCT
12905,PBR HOWRAH E,PBR,HWH
12906,HWH PBR  OKH,HWH,PBR
12907,BDTS SMPRK K,BDTS,NZM
12908,MHRST SMPRK,NZM,BDTS
12909,NZM GARIB RA,BDTS,NZM
12910,BDTS GARIB R,NZM,BDTS
12913,TRISHATABDI,INDB,NGP
12914,TRISHATABDI,NGP,INDB
12915,ASHRAM EXPRE,ADI,DLI
12916,ASHRAM EXPRE,DLI,ADI
12917,GUJARAT SMPR,ADI,NZM
12918,GUJRAT S KRA,NZM,ADI
12921,FLYING RANEE,BCT,ST
12922,FLYING RANEE,ST,BCT
12923,INDB NAGPUR,INDB,NGP
12924,NGP INDORE E,NGP,INDB
12925,PASCHIM EXPR,BDTS,ASR
12926,PASCHIM EXPR,ASR,BDTS
12927,VADODARA EXP,BCT,BRC
12928,VADODARA EXP,BRC,BCT
12931,ADI DOUBLE D,BCT,ADI
12932,BCT DOUBLEDE,ADI,BCT
12933,KARNAVATI EX,BCT,ADI
12934,KARNAVATI EX,ADI,BCT
12935,BDTS SURAT E,BDTS,ST
12936,SURAT BDTS E,ST,BDTS
12939,PUNE JAIPUR,PUNE,JP
12940,JP PUNE SF E,JP,PUNE
12943,UDYOGKARMI E,BL,CNB
12944,UDHYOGKARMI,CNB,BL
12947,AZIMABAD EXP,ADI,PNBE
12948,AZIMABAD EXP,PNBE,ADI
12951,MUMBAI RAJDH,BCT,NDLS
12952,MUMBAI RAJDH,NDLS,BCT
12953,AUG KR RAJ E,BCT,NZM
12954,AG KRANTI RJ,NZM,BCT
12955,BCT JP SF EX,BCT,JP
12956,JP BCT SUPFA,JP,BCT
12957,SWARNA J RAJ,ADI,NDLS
12958,ADI SJ RAJDH,NDLS,ADI
12959,DADAR BHUJ E,DDR,BHUJ
12960,BHUJ DADAR E,BHUJ,DDR
12961,AVANTIKA EXP,BCT,INDB
12962,INDB - BCT A,INDB,BCT
12967,JAIPUR EXP,MAS,JP
12968,JP CHENNAI E,JP,MAS
12969,CBE JAIPUR E,CBE,JP
12970,JP CBE SF EX,JP,CBE
12973,INDB JP SF E,INDB,JP
12974,JP INDB SF E,JP,INDB
12975,MYS JP SF EX,MYS,JP
12976,JP MYS SF EX,JP,MYS
12979,BDTS JP SF E,BDTS,JP
12980,JP BDTS  SF,JP,BDTS
12985,DEE DOUBLE D,JP,DEE
12986,JP DOUBLE DC,DEE,JP
13005,AMRITSAR MAI,HWH,ASR
13006,ASR HWH MAIL,ASR,HWH
13009,DOON EXPRESS,HWH,DDN
13010,DOON EXPRESS,DDN,HWH
13049,AMRITSAR EXP,HWH,ASR
13050,ASR HWH EXPR,ASR,HWH
13063,HWH BLGT EXP,HWH,BLGT
13064,BLGT HWH EXP,BLGT,HWH
13071,HWH JMP EXPR,HWH,JMP
13072,JMP HWH EXP,JMP,HWH
13131,KOAA PNBE  E,KOAA,PNBE
13132,PNBE - KOAA,PNBE,KOAA
13133,SDAH  BSB EX,SDAH,BSB
13134,BSB SDAH EXP,BSB,SDAH
13137,KOAA-AMH WKL,KOAA,AMH
13138,AMH-BP WEEKL,AMH,KOAA
13151,JAMMU TAWI E,KOAA,JAT
13152,SEALDAH EXPR,JAT,KOAA
13155,MITHILANCHAL,KOAA,SMI
13156,MITHILANCHAL,SMI,KOAA
13161,KOLKATA-BALU,KOAA,BLGT
13162,BLGT-KOLKATA,BLGT,KOAA
13165,KOLKATA-SITA,KOAA,SMI
13166,SITAMARI-KOL,SMI,KOAA
13167,KOAA-AGC WKL,KOAA,AGC
13168,AGC-KOAA WKL,AGC,KOAA
13201,RJPB LTT EXP,RJPB,LTT
13202,LTT  RJPB EX,LTT,RJPB
13287,SOUTH BIHAR,DURG,RJPB
13288,SOUTH BIHAR,RJPB,DURG
13303,DHN -RNC INT,DHN,RNC
13304,RNC-DHN INTE,RNC,DHN
13319,BDME-RNC EXP,DGHR,RNC
13320,RNC-BDME EXP,RNC,DGHR
13329,GANGA DAMODA,DHN,PNBE
13330,GANGA DAMODA,PNBE,DHN
13331,DHN-PNBE INT,DHN,PNBE
13332,PNBE-DHN  IN,PNBE,DHN
13345,BSB-SGRL INT,BSB,SGRL
13346,SGRL-BSB INT,SGRL,BSB
13403,VANANCHAL EX,RNC,BGP
13404,VANANCHAL EX,BGP,RNC
14011,DLI-HSX EXPR,DLI,HSX
14012,HSX-DLI EXPR,HSX,DLI
14035,DLI PTK EXPR,DLI,PTK
14036,PTK DLI EXPR,PTK,DLI
14041,MUSSOORIE EX,DEE,DDN
14042,MUSSOORIE EX,DDN,DEE
14055,BRAHMAPUTRA,DBRG,DLI
14056,BRAHMPUTRA M,DLI,DBRG
14163,SANGAM EXPRE,ALD,MTC
14164,SANGAM EXP,MTC,ALD
14203,BSB LKO INTE,BSB,LKO
14204,LKO BSB INTE,LKO,BSB
14211,AGC INTERCIT,AGC,NDLS
14212,AGC INTERCIT,NDLS,AGC
14215,GANGA GOMTI,ALD,LKO
14216,GANGA GOMTI,LKO,ALD
14219,BSB-LKO EXPR,BSB,LKO
14220,LKO-BSB EXPR,LKO,BSB
14227,VARUNA EXPRE,BSB,LKO
14228,VARUNA EXP,LKO,BSB
14257,K V EXP,BSB,NDLS
14258,KASHI V EXPR,NDLS,BSB
14265,BSB DDN EXP,BSB,DDN
14266,DDN BSB EXPR,DDN,BSB
14309,UJJAINI EXPR,UJN,DDN
14310,UJJAIYANI EX,DDN,UJN
14317,IND DDN EXPR,INDB,DDN
14318,DEHRADUN IND,DDN,INDB
1442,DSJ-KK MTY S,DSJ,KK
14511,NAUCHANDI EX,ALD,SRE
14512,NAUCHANDI EX,SRE,ALD
14631,DDN ASR EXPR,DDN,ASR
14632,ASR DDN PASS,ASR,DDN
14633,RAVI EXPRESS,ASR,PTK
14634,RAVI EXPRESS,PTK,ASR
14645,SHALIMAR EXP,DLI,JAT
14646,SHALIMAR EXP,JAT,DLI
14661,JU BME EXP,JU,BME
14662,BME JU EXPRE,BME,JU
14681,NDLS-JUC EXP,NDLS,JUC
14682,JUC-NDLS EXP,JUC,NDLS
14723,KALINDI EXPR,CNB,BNW
14724,KALINDI EXPR,BNW,CNB
14731,DLI FKA EXP,DLI,FKA
14732,FKA DLI EXP,FKA,DLI
14795,BNW-PNP MAIL,BNW,PNP
14796,PNP-BNW EKTA,PNP,BNW
14801,JU INDB EXP,JU,INDB
14805,BARMER AC EX,YPR,BME
14806,BME YPR AC E,BME,YPR
14807,JP AWR EXP,JP,AWR
14808,AWR JP EXP,AWR,JP
14853,MARUDHAR EXP,BSB,JU
14854,MARUDHAR EXP,JU,BSB
14863,MARUDHAR EXP,BSB,JU
14864,MARUDHAR EXP,JU,BSB
14865,MARUDHAR EXP,BSB,JU
14866,MARUDHAR EXP,JU,BSB
15007,KRISHAK EXPR,BCY,LJN
15008,KRISHAK EXPR,LJN,BCY
15011,LJN-SRE EXP,LJN,CDG
15012,LJN SRE EXP,CDG,LJN
15053,CPR-LJN-EXP,CPR,LJN
15054,LJN-CPR-EXP,LJN,CPR
15055,RMR-AF WEEKL,AF,RMR
15056,RMR-AF WEEKL,RMR,AF
15097,AMARNATH EXP,BGP,JAT
15098,AMARNATH EXP,JAT,BGP
15111,CPR-BCY- INT,CPR,BCY
15112,BCY-CPR- INT,BCY,CPR
15115,LOKNAYAK EXP,CPR,DLI
15116,LOKNAYAK EXP,DLI,CPR
15159,SARNATH EXPR,CPR,DURG
15160,SARNATH EXP.,DURG,CPR
15205,CHITRAKOOT E,LJN,JBP
15206,CHITRAKOOT E,JBP,LJN
15601,SCL - NDLS,SCL,NDLS
15602,NDLS - SCL P,NDLS,SCL
15617,DONYI POLO E,GHY,NHLN
15618,DONYI POLO E,NHLN,GHY
15629,TBM-GHY EXPR,TBM,GHY
15630,GHY-TBM EXPR,GHY,TBM
15631,BME-BKN GHY,BME,GHY
15632,GHY BME-BKN,GHY,BME
15645,LTT-GHY EXP,LTT,GHY
15646,GHY-LTT EXP,GHY,LTT
15647,LTT-GHY EXP,LTT,GHY
15648,GHY-LTT EXP,GHY,LTT
15651,GHY-JAT LOHI,GHY,JAT
15652,GHY-JAT LOHI,JAT,GHY
15653,AMARNATH EXP,GHY,JAT
15654,JAMMU GHY EX,JAT,GHY
15657,KANCHAN JUNG,SDAH,GHY
15658,KUNCHANJUNGH,GHY,SDAH
15659,SDAH - AGTL,SDAH,AGTL
15660,AGTL - SDAH,AGTL,SDAH
15665,KYQ - DMV BG,GHY,DMV
15666,DMV-KYQ BG E,DMV,GHY
15669,KYQ - DMV EX,GHY,DMV
15670,DMV - KYQ NA,DMV,GHY
15903,DBRG-CDG EXP,DBRG,CDG
15904,CDG-DBRG EXP,CDG,DBRG
15929,TBM-DBRG EXP,TBM,DBRG
15930,DBRG-TBM EXP,DBRG,TBM
15933,DBRG-ASR EXP,DBRG,ASR
15934,ASR-DBRG EXP,ASR,DBRG
15959,KAMRUP EXPRE,HWH,DBRG
15960,KAMRUP EXPRE,DBRG,HWH
16021,KAVERI EXPRE,MAS,MYS
16022,MYS-MAS KAVE,MYS,MAS
16023,MYS-YPR EXPR,MYS,YPR
16024,YPR-MYS EXPR,YPR,MYS
16053,MAS-TPTY EXP,MAS,TPTY
16054,TPTY-MAS EXP,TPTY,MAS
16057,MAS-TPTY SAP,MAS,TPTY
16058,SAPTAGIRI EX,TPTY,MAS
16093,MAS-LJN EXPR,MAS,LJN
16094,LJN - MAS EX,LJN,MAS
16105,MS - TCN EXP,MS,TCN
16106,TCN - MS EXP,TCN,MS
16175,MS-KIK EXP,MS,KIK
16176,KIK-MS EXP,KIK,MS
16183,UZHAVAN EXPR,MS,TJ
16184,UZHAVAN EXPR,TJ,MS
16187,KIK-ERSEXP,KIK,ERS
16188,ERS-KIK EXP,ERS,KIK
16203,MAS-TPTY EXP,MAS,TPTY
16204,TPTY-MAS EXP,TPTY,MAS
16215,MYS-SBC CHAM,MYS,SBC
16216,CHAMUNDI EXP,SBC,MYS
16229,MYS-BSB BI-W,MYS,BSB
16305,ERS-CANNANOR,ERS,CAN
16306,CAN-ERS INTE,CAN,ERS
16359,ERS PATNA EX,ERS,PNBE
16360,PNBE-ERS EXP,PNBE,ERS
16501,ADI -SBC EXP,ADI,YPR
16502,SBC-AHMADABA,YPR,ADI
16507,JU BANGLORE,JU,SBC
16508,JODHPUR EXPR,SBC,JU
16515,YPR-MAQ EXPR,YPR,KAWR
16516,KAWR--YPR EX,KAWR,YPR
16517,SBC-CAN-KAWR,SBC,CAN
16518,CAN-KAWR-SBC,CAN,SBC
16527,YPR CAN EXP,YPR,CAN
16528,CAN-YPR EXP,CAN,YPR
1655,PUNE-JBP SPL,PUNE,JBP
16557,MYS-SBC RAJY,MYS,SBC
16558,SBC-MYS RAJY,SBC,MYS
1656,JBP-PUNE SPL,JBP,PUNE
16569,YPR-KCG TRI,YPR,KCG
16570,KCG-YPR TRI,KCG,YPR
16791,PUU-PGT PALA,PUU,PGT
16792,PGT-PUU PALA,PGT,PUU
16853,CHOLAN EXP,MS,TPJ
16854,CHOLAN EXP,TPJ,MS
17013,PUNE-HYB EXP,PUNE,HYB
17014,HYB-PUNE EXP,HYB,PUNE
17015,BBS-SC VISAK,BBS,SC
17016,SC-BBS VISAK,SC,BBS
17019,JP-HYB   EXP,JP,HYB
17020,HYB-JP EXP,HYB,JP
17025,MUGR-SC EXPR,MUGR,SC
17026,SC-MUGR EXPR,SC,MUGR
1705,BDTS-JBP SF,BDTS,JBP
1706,JBP-BDTS SF,JBP,BDTS
17063,MMR-SC AJANT,MMR,SC
17064,SC-MMR AJANT,SC,MMR
17405,TPTY-ADB KRI,TPTY,ADB
17406,ADB-TPTY KRI,ADB,TPTY
17479,PURI-TPTY  E,PURI,TPTY
17480,TPTY-PURI EX,TPTY,PURI
17603,KCG-YPR EXP,KCG,YPR
17604,YPR-KCG EXP,YPR,KCG
17625,KCG-RAL PASS,KCG,RAL
17626,RAL-SC PASS,RAL,SC
18005,HWH-JDB EXPR,HWH,JDB
18006,JDB-KRPU-HWH,JDB,HWH
18201,DURG - NTV E,DURG,NTV
18202,NTV - DURG E,NTV,DURG
18203,DURG - CNB B,DURG,CNB
18204,CNB - DURG B,CNB,DURG
18205,DURG - NTV E,DURG,NTV
18206,NTV - DURG E,NTV,DURG
18211,DURG - JDB E,DURG,JDB
18212,JDB - DURG E,JDB,DURG
18213,DURG - JP EX,DURG,JP
18214,JP - DURG EX,JP,DURG
18215,DURG - JAT E,DURG,JAT
18216,JAT - DURG E,JAT,DURG
18241,DURG-ABKP EX,DURG,ABKP
18242,ABKP-DURG PA,ABKP,DURG
18301,SBP-RGDA EXP,SBP,RGDA
18302,RGDA-SBP EXP,RGDA,SBP
18303,SBP-PURI INT,SBP,PURI
18304,PURI-SBP INT,PURI,SBP
18311,SBP-BSB BI-W,SBP,BSB
18312,BSB-SBP BI-W,BSB,SBP
18405,PURI-ADI WEE,PURI,ADI
18406,ADI-PURI WEE,ADI,PURI
18409,SRIJAGANNATH,HWH,PURI
18410,SRIJAGANNATH,PURI,HWH
18413,PRDP-PURI IN,PRDP,PURI
18414,PURI-PRDP IN,PURI,PRDP
18425,PURI-DURG EX,PURI,DURG
18426,DURG - PURI,DURG,PURI
18447,BBS-JDB HIRA,BBS,JDB
18448,JDB-BBS HIRA,JDB,BBS
18449,PURI-PNBE BA,PURI,PNBE
18450,PNBE-PURI BA,PNBE,PURI
18463,BBS-SBC PRAS,BBS,SBC
18464,SBC-BBS PRAS,SBC,BBS
18609,RNC LTT EXPR,RNC,LTT
18610,LTT RNC WEEK,LTT,RNC
18611,RNC BSB EXPR,RNC,BSB
18612,BSB RNC EXPR,BSB,RNC
18619,RNC DUMKA IN,RNC,DUMK
18620,DUMKA RANCHI,DUMK,RNC
18645,HWH HYB EAST,HWH,HYB
18646,HYB-HWH EAST,HYB,HWH
19015,SAURASHTRA E,BCT,PBR
19016,SAURASHTRA E,PBR,BCT
19019,DEHRADUN EXP,BDTS,DDN
19020,DEHRADUN EXP,DDN,BDTS
19021,BDTS LJN EXP,BDTS,LJN
19022,LJN BDTS EXP,LJN,BDTS
19025,SURAT AMRAVA,ST,AMI
19026,SURAT AMRAVA,AMI,ST
19027,VIVEK EXPRES,BDTS,JAT
19028,VIVEK EXPRES,JAT,BDTS
19033,GUJARAT QUEE,BL,ADI
19034,GUJARAT QUEE,ADI,BL
19035,BRC ADI INTE,BRC,ADI
19036,ADI BRC INTE,ADI,BRC
19045,TAPTI GANGA,ST,CPR
19046,TAPTI GANGA,CPR,ST
19055,BL JODHPUR E,BL,JU
19056,JU BL EXPRES,JU,BL
19061,RAMNAGAR EXP,BDTS,RMR
19062,RMR BDTS EXP,RMR,BDTS
19107,JANMABHOOMI,ADI,UHP
19108,JANMABHOOMI,UHP,ADI
19115,DDR BHUJ EXP,DDR,BHUJ
19116,BHUJ DDR EXP,BHUJ,DDR
19167,SABARMATI EX,ADI,BSB
19168,SABARMATI EX,BSB,ADI
19201,SC PBR  EXP,SC,PBR
19202,PBR SC EXPRE,PBR,SC
19215,SAURASHTRA E,BCT,PBR
19217,SAU JANATA E,BDTS,JAM
19218,SAU JANATA E,JAM,BDTS
19223,ADI JAT EXPR,ADI,JAT
19224,JAT ADI EXPR,JAT,ADI
19263,DELHI SR EXP,PBR,DEE
19264,DEE PORBNDR,DEE,PBR
19301,YESHVANTPUR,INDB,YPR
19302,YPR  INDB EX,YPR,INDB
19307,CHANDIGARH E,INDB,CDG
19308,CDG  INDB  E,CDG,INDB
19311,PUNE INDORE,PUNE,INDB
19312,INDB PUNE EX,INDB,PUNE
19313,INDB RJPB  E,INDB,RJPB
19314,INDORE EXPRE,RJPB,INDB
19321,INDB RJPB EX,INDB,RJPB
19322,RJPB INDB EX,RJPB,INDB
19325,IND AMRITSAR,INDB,ASR
19326,ASR INDB EXP,ASR,INDB
19401,ADI LUCKNOW,ADI,LKO
19402,LKO ADI EXP,LKO,ADI
19403,SULTANPUR EX,ADI,SLN
19404,SLN ADI EXP,SLN,ADI
19407,ADI VARANASI,ADI,BSB
19408,BSB ADI EXP,BSB,ADI
19413,KOLKATA EXPR,ADI,KOAA
19414,KOAA ADI EXP,KOAA,ADI
19419,MAS ADI EXPR,MAS,ADI
19420,ADI CHENNAI,ADI,MAS
19421,ADI PNBE EXP,ADI,PNBE
19422,PNBE ADI EXP,PNBE,ADI
19577,TEN  JAM EXP,TEN,JAM
19578,JAM TEN EXPR,JAM,TEN
19707,ARAVALI EXPR,BDTS,JP
19708,ARAVALI EXPR,JP,BDTS
19713,JP SC EXP,JP,SC
19714,SC JP EXP,SC,JP
19715,JP LJN EXP,JP,LJN
19716,LJN JP EXP,LJN,JP
19717,JP CDG INTER,JP,CDG
19718,CDG JP INTER,CDG,JP
20813,PURI-JODHPUR,PURI,JU
20814,JODHPUR-PURI,JU,PURI
20817,BBS-NDLS VIA,BBS,NDLS
20818,NDLS-BBS VIA,NDLS,BBS
20889,HWH BZA HUMS,HWH,BZA
20890,BZA HWH HUMS,BZA,HWH
20903,MAHAMANA SUP,BRC,BSB
20904,MAHAMANA SUP,BSB,BRC
22109,LTT NZM AC E,LTT,NZM
22110,NZM LTT AC E,NZM,LTT
22117,PUNE-AMI AC,PUNE,AMI
22118,AMI-PUNE AC,AMI,PUNE
22121,LTT-LKO AC S,LTT,LKO
22122,LKO-LTT AC S,LKO,LTT
22125,NGP-ASR AC E,NGP,ASR
22126,ASR-NGP AC E,ASR,NGP
22135,NGP-REWA EXP,NGP,REWA
22136,REWA-NGP EXP,REWA,NGP
22137,PRERANA EXPR,NGP,ADI
22138,PRERANA EXPR,ADI,NGP
22149,ERS-PUNE SF,ERS,PUNE
22150,PUNE-ERS SF,PUNE,ERS
22168,NZM-SGRL SF,NZM,SGRL
22181,JBP-NZM DAIL,JBP,NZM
22182,NZM-JBP DAIL,NZM,JBP
22189,JBP-REWA INT,JBP,REWA
22190,REWA-JBP INT,REWA,JBP
22191,IND-JBP OVER,INDB,JBP
22192,JBP- IND OVE,JBP,INDB
22201,DURONTO EXPR,SDAH,PURI
22202,DURONTO EXPR,PURI,SDAH
22209,NDLS DURONTO,BCT,NDLS
22210,BCT DURONTO,NDLS,BCT
22387,BLACKDIMOND,HWH,DHN
22388,BLACKDIAMOND,DHN,HWH
22401,DEE-UHP AC E,DEE,UHP
22402,UHP-DEE AC E,UHP,DEE
22411,NHLN-NDLS AC,NHLN,NDLS
22412,NDLS-NHLN AC,NDLS,NHLN
22417,MAHAMANA EXP,BSB,NDLS
22418,MAHAMANA EXP,NDLS,BSB
22429,DLI-PTK EXP,DLI,PTK
22430,PTK-DLI SUPE,PTK,DLI
22431,ALD-UHP BI-W,ALD,UHP
22432,UHP-ALD BI-W,UHP,ALD
22441,ALD-CNB-INTE,ALD,CNB
22442,CNB-ALD-INTE,CNB,ALD
22443,CNB-BDTS EXP,CNB,BDTS
22444,BDTS  CNB EX,BDTS,CNB
22445,CNB ASR SUPE,CNB,ASR
22446,ASR CNB EXPR,ASR,CNB
22451,BDTS - CDG E,BDTS,CDG
22452,CDG - BDTS E,CDG,BDTS
22453,RAJYA RANI E,LJN,MTC
22454,RAJYA RANI E,MTC,LJN
22477,JU JP SF EXP,JU,JP
22478,JP JU SF EXP,JP,JU
22481,JU DEE SF EX,JU,DEE
22482,DEE JU SF EX,DEE,JU
22531,chhapra-math,CPR,MTJ
22532,mathura - ch,MTJ,CPR
22607,BANGALORE SF,ERS,SBC
22608,ERNAKULAM SF,SBC,ERS
22615,TPTY-CBE  EX,TPTY,CBE
22616,CBE-TPTY EXP,CBE,TPTY
22617,SBC-TPTY  EX,SBC,TPTY
22618,TPTY-SBC  EX,TPTY,SBC
22625,MAS-SBC AC D,MAS,SBC
22626,SBC-MAS AC D,SBC,MAS
22629,DADAR TEN EX,DR,TEN
22630,TEN DR EXPRE,TEN,DR
22643,PATNA EXPRES,ERS,PNBE
22644,PNBE ERS EXP,PNBE,ERS
22651,MAS-PGT  EXP,MAS,PGT
22652,PGT-MAS SF E,PGT,MAS
22663,MS-JU WEEKLY,MS,JU
22664,JU-MS WEEKLY,JU,MS
22681,MYS-MAS EXPR,MYS,MAS
22682,MAS-MYS EXPR,MAS,MYS
22683,YPR-LKO WEEK,YPR,LKO
22684,LKO-YPR WEEK,LKO,YPR
22685,YPR-CDG BI-,YPR,CDG
22686,CDG-YPR BI W,CDG,YPR
22687,SRE-CDG LINK,SRE,CDG
22688,CDG-MAS LINK,CDG,SRE
22691,BANGALORE RA,SBC,NZM
22692,BANGALORE RA,NZM,SBC
22705,TPTY-JAT,TPTY,JAT
22706,JAT-TPTY,JAT,TPTY
22803,HWH-SBP S/F,HWH,SBP
22804,SBP-HWH S/F,SBP,HWH
22811,BBS-NDLS RAJ,BBS,NDLS
22812,NDLS-BBS RAJ,NDLS,BBS
22817,HWH-MYS SF E,HWH,MYS
22818,MYS - HWH SF,MYS,HWH
22823,BBS-NDLS RAJ,BBS,NDLS
22824,NDLS-BBS RAJ,NDLS,BBS
22827,PURI-SURAT S,PURI,ST
22828,SURAT-PURI S,ST,PURI
22833,BBS-KJM WEEK,BBS,KJM
22834,KJM-BBS WEEK,KJM,BBS
22859,PURI-MAS S/F,PURI,MAS
22860,MAS-PURI S/F,MAS,PURI
22863,HWH-YPR WEEK,HWH,YPR
22864,YPR-HWH AC E,YPR,HWH
22865,LTT-PURI S/F,LTT,PURI
22866,PURI-LTT S/F,PURI,LTT
22867,DURG-NZM HUM,DURG,NZM
22868,NZM-DURG HUM,NZM,DURG
22871,BBS-TPTY S/F,BBS,TPTY
22872,TPTY-BBS S/F,TPTY,BBS
22877,HWH-ERS ANTY,HWH,ERS
22878,ERS-HWH ANTY,ERS,HWH
22879,BBS-TPTY S/F,BBS,TPTY
22880,TPTY-BBS S/F,TPTY,BBS
22881,PUNE-BBS S/F,PUNE,BBS
22882,BBS-PUNE S/F,BBS,PUNE
22883,PURI-YPR GAR,PURI,YPR
22884,YPR-PURI GAR,YPR,PURI
22887,HWH-YPR-HWH,HWH,YPR
22888,YPR-HWH HUMS,YPR,HWH
22891,HWH-RNC INTE,HWH,RNC
22892,RNCHWH INTER,RNC,HWH
22903,BHUJ AC S F,BDTS,BHUJ
22904,BDTS AC S F,BHUJ,BDTS
22909,BL  PURI S F,BL,PURI
22910,PURI VALSAD,PURI,BL
22911,SHIPRA EXPRE,INDB,HWH
22912,SHIPRA EXP,HWH,INDB
22914,PATNA BDTS H,PNBE,BDTS
22915,BDTS HSR SF,BDTS,HSR
22916,HSR BDTS S F,HSR,BDTS
22919,CHENNAI ADI,MAS,ADI
22920,ADI CHENNAI,ADI,MAS
22927,LOK SHAKTI E,BDTS,ADI
22928,LOK SHAKTI E,ADI,BDTS
22933,BDTS JP SF E,BDTS,JP
22934,JP BDTS SF E,JP,BDTS
22935,BDTS PIT  SF,BDTS,PIT
22936,PIT BDTS SF,PIT,BDTS
22941,INDB JAT SF,INDB,JAT
22942,JAT INDB SF,JAT,INDB
22943,PUNE INDORE,PUNE,INDB
22944,IND PUNE EXP,INDB,PUNE
22949,BDTS DEE EXP,BDTS,DEE
22953,GUJARAT EXPR,BCT,ADI
22954,GUJARAT EXPR,ADI,BCT
22955,KUTCH EXPRES,BDTS,BHUJ
22956,KUTCH EXPRES,BHUJ,BDTS
22957,SOMNATH EXPR,ADI,VRL
22959,JAMNAGAR INT,ST,JAM
22960,SURAT INTERC,JAM,ST
22967,ADI ALD EXPR,ADI,ALD
22968,ALD ADI  SF,ALD,ADI
22971,BDTS PATNA S,BDTS,PNBE
22972,PNBE BDTS SF,PNBE,BDTS
22991,BDTS VRL SF,BDTS,VRL
22992,VRL BDTS SF,VRL,BDTS
24227,VARUNA EXPRE,BSB,CNB
24228,VARUNA EXPRE,CNB,BSB
25013,CORBETT PARK,MB,RMR
25014,CORBETT PARK,RMR,MB
25035,RAMNAGAR-DLI,MB,RMR
25036,RAMNAGAR-DLI,RMR,MB
25657,KUNCHAN JUNG,SDAH,SCL
25658,KUNCHAN JUNG,SCL,SDAH
2731,HYB-JP HSP,HYB,JP
2732,JP-HYB SPECI,JP,HYB
290,PALACE ON WH,DSJ,DSJ
30452,SDAH-KOAA LO,SDAH,KOAA
3101,KOAA PURI SP,KOAA,PURI
3102,PURI KOAA SP,PURI,KOAA
3301,ASN-DHN MEMU,ASN,DHN
3302,DHN-ASN MEMU,DHN,ASN
37651,HWH-MYM LOCA,HWH,MYM
37652,MYM-HWH LOCA,MYM,HWH
37653,HWH - MYM LO,HWH,MYM
37654,MYM-HWH LOCA,MYM,HWH
37655,HWH - MYM LO,HWH,MYM
37656,MYM-HWH LOCA,MYM,HWH
37657,HWH-MYM LOCA,HWH,MYM
37658,MYM-HWH LOCA,MYM,HWH
40001,MSB-TBM EMU,MSB,TBM
40002,TBM-MSB EMU,TBM,MSB
40003,MSB-TBM EMU,MSB,TBM
40004,TBM-MSB EMU,TBM,MSB
40005,MSB-TBM EMU,MSB,TBM
40006,TBM-MSB EMU,TBM,MSB
40007,MSB-TBM EMU,MSB,TBM
40008,TBM-MSB EMU,TBM,MSB
40009,MSB-TBM EMU,MSB,TBM
40010,TBM-MSB EMU,TBM,MSB
40011,MSB-TBM EMU,MSB,TBM
40012,TBM-MSB EMU,TBM,MSB
40013,MSB-TBM EMU,MSB,TBM
40014,TBM-MSB EMU,TBM,MSB
40015,MSB-TBM EMU,MSB,TBM
40016,TBM-MSB EMU,TBM,MSB
40017,MSB-TBM EMU,MSB,TBM
40018,TBM-MSB EMU,TBM,MSB
40020,TBM-MSB EMU,TBM,MSB
40022,TBM-MSB EMU,TBM,MSB
40023,MSB-PV EMU L,MSB,TBM
40025,MSB-STM EMU,MSB,TBM
40026,TBM-MSB EMU,TBM,MSB
40027,MSB-TBM EMU,MSB,TBM
40028,TBM-MSB EMU,TBM,MSB
40029,MSB-TBM EMU,MSB,TBM
40030,TBM-MSB EMU,TBM,MSB
40031,MSB-TBM EMU,MSB,TBM
40032,TBM-MSB EMU,TBM,MSB
40033,MSB-TBM EMU,MSB,TBM
40034,TBM-MSB EMU,TBM,MSB
40035,MSB-TBM EMU,MSB,TBM
40036,TBM-MSB EMU,TBM,MSB
40037,MSB-TBM EMU,MSB,TBM
40038,TBM-MSB EMU,TBM,MSB
40039,MSB-TBM EMU,MSB,TBM
40040,TBM-MSB EMU,TBM,MSB
40041,MSB-TBM EMU,MSB,TBM
40043,MSB-TBM EMU,MSB,TBM
40045,MSB-TBM EMU,MSB,TBM
40046,TBM-MSB EMU,TBM,MSB
40047,MSB-TBM EMU,MSB,TBM
40048,TBM-MSB EMU,TBM,MSB
40049,MSB-TBM EMU,MSB,TBM
40050,TBM-MSB EMU,TBM,MSB
40051,MSB-TBM EMU,MSB,TBM
40052,TBM-MSB EMU,TBM,MSB
40053,MSB-TBM EMU,MSB,TBM
40054,TBM-MSB EMU,TBM,MSB
40055,MSB-TBM EMU,MSB,TBM
40056,TBM-MSB EMU,TBM,MSB
40057,MSB-TBM EMU,MSB,TBM
40058,TBM-MSB EMU,TBM,MSB
40059,MSB-TBM EMU,MSB,TBM
40060,TBM-MSB EMU,TBM,MSB
40061,MSB-TBM EMU,MSB,TBM
40062,TBM-MSB EMU,TBM,MSB
40063,MSB-TBM EMU,MSB,TBM
40064,TBM-MSB EMU,TBM,MSB
40065,MSB-TBM EMU,MSB,TBM
40066,TBM-MSB EMU,TBM,MSB
40067,MSB-TBM EMU,MSB,TBM
40068,TBM-MSB EMU,TBM,MSB
40069,MSB-TBM EMU,MSB,TBM
40070,TBM-MSB EMU,TBM,MSB
40071,MSB-TBM EMU,MSB,TBM
40072,TBM-MSB EMU,TBM,MSB
40073,MSB-TBM EMU,MSB,TBM
40074,TBM-MSB EMU,TBM,MSB
40075,MSB-TBM EMU,MSB,TBM
40076,TBM-MSB EMU,TBM,MSB
40077,MSB-TBM EMU,MSB,TBM
40078,TBM-MSB EMU,TBM,MSB
40079,MSB-TBM EMU,MSB,TBM
40080,TBM-MSB EMU,TBM,MSB
40081,MSB-TBM EMU,MSB,TBM
40082,TBM-MSB EMU,TBM,MSB
40083,MSB-TBM EMU,MSB,TBM
40084,TBM-MSB EMU,TBM,MSB
40085,MSB-TBM EMU,MSB,TBM
40086,TBM-MSB EMU,TBM,MSB
40087,MSB-TBM EMU,MSB,TBM
40088,TBM-MSB EMU,TBM,MSB
40089,MSB-TBM EMU,MSB,TBM
40090,TBM-MSB EMU,TBM,MSB
40091,MSB-TBM EMU,MSB,TBM
40092,TBM-MSB EMU,TBM,MSB
40093,MSB-TBM EMU,MSB,TBM
40094,TBM-MSB EMU,TBM,MSB
40095,MSB-TBM EMU,MSB,TBM
40096,TBM-MSB EMU,TBM,MSB
40097,MSB-TBM EMU,MSB,TBM
40098,TBM-MSB EMU,TBM,MSB
40099,MSB-TBM EMU,MSB,TBM
401,BSB BHARATDA,AWB,BSB
40100,TBM-MSB EMU,TBM,MSB
40101,MSB-TBM EMU,MSB,TBM
40102,TBM-MSB EMU,TBM,MSB
40103,MSB-TBM EMU,MSB,TBM
40104,TBM-MSB EMU,TBM,MSB
40105,MSB-TBM EMU,MSB,TBM
40106,TBM-MSB EMU,TBM,MSB
40107,MSB-TBM EMU,MSB,TBM
40108,TBM-MSB EMU,TBM,MSB
40109,MSB-TBM EMU,MSB,TBM
40110,TBM-MSB EMU,TBM,MSB
40111,MSB-TBM EMU,MSB,TBM
40112,TBM-MSB EMU,TBM,MSB
40113,MSB-TBM EMU,MSB,TBM
40114,TBM-MSB EMU,TBM,MSB
40115,MSB-TBM EMU,MSB,TBM
40116,TBM-MSB EMU,TBM,MSB
40117,MSB-TBM EMU,MSB,TBM
40118,TBM-MSB EMU,TBM,MSB
40119,MSB-TBM EMU,MSB,TBM
40120,TBM-MSB EMU,TBM,MSB
40121,MSB-TBM EMU,MSB,TBM
40122,TBM-MSB EMU,TBM,MSB
40123,MSB-TBM EMU,MSB,TBM
40124,TBM-MSB EMU,TBM,MSB
40125,MSB-TBM EMU,MSB,TBM
40126,TBM-MSB EMU,TBM,MSB
40127,MSB-TBM EMU,MSB,TBM
40128,TBM-MSB EMU,TBM,MSB
40129,MSB-TBM EMU,MSB,TBM
40130,TBM-MSB EMU,TBM,MSB
40131,MSB-TBM EMU,MSB,TBM
40132,TBM-MSB EMU,TBM,MSB
40133,MSB-TBM EMU,MSB,TBM
40134,TBM-MSB EMU,TBM,MSB
40135,MSB-TBM EMU,MSB,TBM
40136,TBM-MSB EMU,TBM,MSB
40137,MSB-TBM EMU,MSB,TBM
40138,TBM-MSB EMU,TBM,MSB
40139,MSB-TBM EMU,MSB,TBM
40140,TBM-MSB EMU,TBM,MSB
40141,MSB-TBM EMU,MSB,TBM
40142,TBM-MSB EMU,TBM,MSB
40143,MSB-TBM EMU,MSB,TBM
40144,TBM-MSB EMU,TBM,MSB
40145,MSB-TBM EMU,MSB,TBM
40146,TBM-MSB EMU,TBM,MSB
40147,MSB-TBM EMU,MSB,TBM
40148,TBM-MSB EMU,TBM,MSB
40150,TBM-MSB EMU,TBM,MSB
40151,MSB-TBM EMU,MSB,TBM
40152,TBM-MSB EMU,TBM,MSB
40153,MSB-TBM EMU,MSB,TBM
40154,TBM-MSB EMU,TBM,MSB
40155,MSB-TBM EMU,MSB,TBM
40156,TBM-MSB EMU,TBM,MSB
40157,MSB-TBM EMU,MSB,TBM
40158,TBM-MSB EMU,TBM,MSB
40301,MSB-TBM EMU,MSB,TBM
40302,TBM-MSB EMU,TBM,MSB
40303,MSB-TBM EMU,MSB,TBM
40304,TBM-MSB EMU,TBM,MSB
40305,MSB-TBM EMU,MSB,TBM
40306,TBM-MSB EMU,TBM,MSB
40307,MSB-TBM EMU,MSB,TBM
40308,TBM-MSB EMU,TBM,MSB
40309,MSB-TBM EMU,MSB,TBM
40310,TBM-MSB EMU,TBM,MSB
40311,MSB-TBM EMU,MSB,TBM
40312,TBM-MSB EMU,TBM,MSB
40313,MSB-TBM EMU,MSB,TBM
40314,TBM-MSB EMU,TBM,MSB
40315,MSB-TBM EMU,MSB,TBM
40316,TBM-MSB EMU,TBM,MSB
40317,MSB-TBM EMU,MSB,TBM
40318,TBM-MSB EMU,TBM,MSB
40319,MSB-TBM EMU,MSB,TBM
40320,TBM-MSB EMU,TBM,MSB
40321,MSB-TBM EMU,MSB,TBM
40322,TBM-MSB EMU,TBM,MSB
40323,MSB-TBM EMU,MSB,TBM
40324,TBM-MSB EMU,TBM,MSB
40325,MSB-TBM EMU,MSB,TBM
40326,TBM-MSB EMU,TBM,MSB
40327,MSB-TBM EMU,MSB,TBM
40328,TBM-MSB EMU,TBM,MSB
40329,MSB-TBM EMU,MSB,TBM
40330,TBM-MSB EMU,TBM,MSB
40331,MSB-TBM EMU,MSB,TBM
40332,TBM-MSB EMU,TBM,MSB
40333,MSB-TBM EMU,MSB,TBM
40334,TBM-MSB EMU,TBM,MSB
40335,MSB-TBM EMU,MSB,TBM
40336,TBM-MSB EMU,TBM,MSB
40337,MSB-TBM EMU,MSB,TBM
40338,TBM-MSB EMU,TBM,MSB
40339,MSB-TBM EMU,MSB,TBM
40340,TBM-MSB EMU,TBM,MSB
40341,MSB-TBM EMU,MSB,TBM
40342,TBM-MSB EMU,TBM,MSB
40343,MSB-TBM EMU,MSB,TBM
40344,TBM-MSB EMU,TBM,MSB
40345,MSB-TBM EMU,MSB,TBM
40346,TBM-MSB EMU,TBM,MSB
40347,MSB-TBM EMU,MSB,TBM
40348,TBM-MSB EMU,TBM,MSB
40349,MSB-TBM EMU,MSB,TBM
40350,TBM-MSB EMU,TBM,MSB
40351,MSB-TBM EMU,MSB,TBM
40352,TBM-MSB EMU,TBM,MSB
40353,MSB-TBM EMU,MSB,TBM
40354,TBM-MSB EMU,TBM,MSB
40355,MSB-TBM EMU,MSB,TBM
40356,TBM-MSB EMU,TBM,MSB
40357,MSB-TBM EMU,MSB,TBM
40358,TBM-MSB EMU,TBM,MSB
40359,MSB-TBM EMU,MSB,TBM
40360,TBM-MSB EMU,TBM,MSB
40361,MSB-TBM EMU,MSB,TBM
40362,TBM-MSB EMU,TBM,MSB
40363,MSB-TBM EMU,MSB,TBM
40364,TBM-MSB EMU,TBM,MSB
40365,MSB-TBM EMU,MSB,TBM
40366,TBM-MSB EMU,TBM,MSB
40367,MSB-TBM EMU,MSB,TBM
40368,TBM-MSB EMU,TBM,MSB
40369,MSB-TBM EMU,MSB,TBM
40370,TBM-MSB EMU,TBM,MSB
40371,MSB-TBM EMU,MSB,TBM
40372,TBM-MSB EMU,TBM,MSB
40373,MSB-TBM EMU,MSB,TBM
40374,TBM-MSB EMU,TBM,MSB
40375,MSB-TBM EMU,MSB,TBM
40376,TBM-MSB EMU,TBM,MSB
40377,MSB-TBM EMU,MSB,TBM
40378,TBM-MSB EMU,TBM,MSB
40379,MSB-TBM EMU,MSB,TBM
40380,TBM-MSB EMU,TBM,MSB
40381,MSB-TBM EMU,MSB,TBM
40382,TBM-MSB EMU,TBM,MSB
40383,MSB-TBM EMU,MSB,TBM
40384,TBM-MSB EMU,TBM,MSB
40385,MSB-TBM EMU,MSB,TBM
40386,TBM-MSB EMU,TBM,MSB
40387,MSB-TBM EMU,MSB,TBM
40388,TBM-MSB EMU,TBM,MSB
40389,MSB-TBM EMU,MSB,TBM
40390,TBM-MSB EMU,TBM,MSB
40391,MSB-TBM EMU,MSB,TBM
40392,TBM-MSB EMU,TBM,MSB
40393,MSB-TBM EMU,MSB,TBM
40394,TBM-MSB EMU,TBM,MSB
40395,MSB-TBM EMU,MSB,TBM
40396,TBM-MSB EMU,TBM,MSB
40397,MSB-TBM EMU,MSB,TBM
40398,TBM-MSB EMU,TBM,MSB
40399,MSB-TBM EMU,MSB,TBM
40400,TBM-MSB EMU,TBM,MSB
40401,MSB-TBM EMU,MSB,TBM
40402,TBM-MSB EMU,TBM,MSB
40403,MSB-TBM EMU,MSB,TBM
40404,TBM-MSB EMU,TBM,MSB
40405,MSB-TBM EMU,MSB,TBM
40406,TBM-MSB EMU,TBM,MSB
40407,MSB-TBM EMU,MSB,TBM
40408,TBM-MSB EMU,TBM,MSB
40409,MSB-TBM EMU,MSB,TBM
40410,TBM-MSB EMU,TBM,MSB
40411,MSB-TBM EMU,MSB,TBM
40412,TBM-MSB EMU,TBM,MSB
40413,MSB-TBM EMU,MSB,TBM
40414,TBM-MSB EMU,TBM,MSB
40415,MSB-TBM EMU,MSB,TBM
40416,TBM-MSB EMU,TBM,MSB
40417,MSB-TBM EMU,MSB,TBM
40418,TBM-MSB EMU,TBM,MSB
40419,MSB-TBM EMU,MSB,TBM
40420,TBM-MSB EMU,TBM,MSB
40421,MSB-TBM EMU,MSB,TBM
40422,TBM-MSB EMU,TBM,MSB
43551,AJJ-TRT EMU,AJJ,TRT
43552,TRT-AJJ EMU,TRT,AJJ
43553,AJJ-TRT EMU,AJJ,TRT
43554,TRT-AJJ EMU,TRT,AJJ
43556,TRT-AJJ EMU,TRT,AJJ
43801,MSB-AJJ EMU,MSB,AJJ
43802,AJJ-MSB EMU,AJJ,MSB
43803,MSB-AJJ EMU,MSB,AJJ
43804,AJJ-MSB EMU,AJJ,MSB
43805,MSB-AJJ EMU,MSB,AJJ
43806,AJJ-MSB  EMU,AJJ,MSB
43820,TRT-MSB EMU,TRT,MSB
43821,MSB-TRT EMU,MSB,TRT
43823,MSB-TRT FAST,MSB,TRT
47196,SC-HYB,SC,HYB
477,FTR TRAIN NO,SSA,SSA
4991,PTK-JAT DEMU,PTK,JAT
4992,JAT-PTK DEMU,JAT,PTK
50103,RATNAGIRI PA,DR,RN
50104,RN DADAR PAS,RN,DR
506,PNBE-PTA FTR,PNBE,PTA
5065,CPR-LJN,CPR,LJN
5066,LJN-CPR-EXP,LJN,CPR
51317,KJT-PUNE PAS,KJT,PUNE
51318,PUNE-KJT PAS,PUNE,KJT
51401,PUNE MMR PAS,PUNE,MMR
51402,MMR PUNE PAS,MMR,PUNE
51421,PUNE-NZB PAS,PUNE,NZB
51422,NZB-PUNE PAS,NZB,PUNE
51433,NZB-PVR PASS,NZB,PVR
51434,PVR-NZB PASS,PVR,NZB
51435,PUNE STR PAS,PUNE,STR
51436,STR-PUNE PAS,STR,PUNE
51701,JBP REWA PAS,JBP,REWA
51702,REWA JBP PAS,REWA,JBP
51753,REWA-CHRM PA,REWA,CHRM
51754,CHRM-REWA PA,CHRM,REWA
51881,GWL-AGC PASS,GWL,AGC
51882,AGC-GWL PASS,AGC,GWL
51901,AGC-DLI PASS,AGC,DLI
51902,DLI-AGC PASS,DLI,AGC
51905,SMQL-DLI PAS,DLI,SMQL
51906,DLI-SMQL PAS,SMQL,DLI
51907,SMQL-SRE PAS,SMQL,SRE
51908,SRE-SMQL PAS,SRE,SMQL
51909,DLI--SMQL-SR,DLI,SRE
51910,SRE-SMQL-DLI,SRE,DLI
51911,DLI-SMQL-SRE,DLI,SRE
51912,SRE-SMQL-DLI,SRE,DLI
51913,DLI-SMQL-SRE,DLI,SRE
51914,SRE-SMQL-DLI,SRE,DLI
51971,MTJ-AWR PASS,MTJ,AWR
51972,MTJ-AWR PASS,AWR,MTJ
51973,MTJ-JP PASSE,MTJ,JP
51974,JP-MTJ PASSE,JP,MTJ
53043,HWH-RGD PASS,HWH,RGD
53044,RGD-HWH PASS,RGD,HWH
53211,PNBE - SSM P,PNBE,SSM
53212,SSM - PNBE P,SSM,PNBE
53497,BGP-JMP PASS,BGP,JMP
53498,JMP-BGP PASS,JMP,BGP
54005,DELHI BHIWAN,DLI,BNW
54055,MORADABAD DE,MB,DLI
54056,MORADABAD DE,DLI,MB
54057,DELHI SMQL P,DLI,SMQL
54058,SMQL DLI PAS,SMQL,DLI
54059,DLI SMQL PAS,DLI,SMQL
54060,SMQL DLI PAS,SMQL,DLI
54075,SHAJANPUR DE,SPC,DLI
54076,DELHI SHAJAN,DLI,SPC
54085,DLI-RE PASSA,DLI,RE
54086,RE-DLI PASSE,RE,DLI
54251,LKO-SRE PASS,LKO,SRE
54252,SRE - LKO PA,SRE,LKO
54255,BSB-LKO PASS,BSB,LKO
54256,LKO-BSB PASS,LKO,BSB
54263,BSB-SLN PASS,BSB,SLN
54264,SLN-BSB PASS,SLN,BSB
54265,BSB-SLN PASS,BSB,SLN
54266,SLN-BSB PASS,SLN,BSB
54281,SLN-LKO PASS,SLN,LKO
54282,LKO-SLN PASS,LKO,SLN
54283,SLN-LKO PASS,SLN,LKO
54284,LKO-SLN,LKO,SLN
54307,MB-DLI PASSE,MB,DLI
54308,DELHI MORADA,DLI,MB
54309,DLI-RE PASSE,DLI,RE
54310,RE-DLI PASSE,RE,DLI
54313,CHANDAUSI MO,CH,MB
54314,MORADABAD CH,MB,CH
54325,CNB SPC BLM,SPC,CNB
54326,SPC BLM CNB,CNB,SPC
54333,BSB-LKO PASS,BSB,LKO
54334,LKO-BSB PASS,LKO,BSB
54341,SRE - DDN PA,SRE,DDN
54342,DDN - SRE PA,DDN,SRE
54411,RE-MTC PASSE,RE,MUT
54412,MTC-RE PASSE,MUT,RE
54413,DLI-RE PASSE,DLI,RE
54414,RE-DLI PASSE,RE,DLI
54416,RE-DLI PASSE,RE,DLI
54417,DLI-RE PASSE,DLI,RE
54420,RE-DLI PASSE,RE,DLI
54421,DLI-RE PASSE,DLI,RE
54423,DLI-BNW  PAS,DLI,BNW
54424,BIWANI ROHTA,BNW,DLI
54463,CH-RKSH PASS,CH,RKSH
54464,RKSH-CH PASS,RKSH,CH
54471,DLI - RKSH P,DLI,RKSH
54472,RKSH-DLI PAS,RKSH,DLI
54473,DLI SRE PASS,DLI,SRE
54474,SAHARANPUR N,SRE,DLI
54601,HSR-ASR PASS,HSR,ASR
54603,HSR-LDH PASS,HSR,LDH
54604,LDH-HSR PASS,LDH,HSR
54606,LDH-HSR PASS,LDH,HSR
54611,ASR-PTK PASS,ASR,PTK
54612,PTK-ASR  PAS,PTK,ASR
54613,ASR-PTKPASS,ASR,PTK
54614,PTK-ASR PASS,PTK,ASR
54615,ASR - PTK PA,ASR,PTK
54616,PTK-ASR PASS,PTK,ASR
54621,JUC - PTK PA,JUC,PTK
54622,PTK - JUC PA,PTK,JUC
54633,SIRSA- LUDHI,SSA,LDH
54634,LDH HSR PASS,LDH,BNW
54635,HISAR LUDHIN,HSR,LDH
54636,LUDHINA HISA,LDH,HSR
54637,JUC-HSX PASS,HSX,JUC
54638,HSX-JUC DMU,JUC,HSX
54651,JAT-UHP DMU,JAT,UHP
54654,UHP-JAT DMU,UHP,JAT
54783,FKA-RE PASSE,FKA,RE
54784,RE-FKA PASSE,RE,FKA
54787,BNW-RE PASSE,BNW,RE
54788,RE-BNW PASSE,RE,BNW
54791,MTJ-BNW PASS,MTJ,BNW
54792,BNW-MTJ PASS,BNW,MTJ
54793,SWM-MTJ PASS,SWM,MTJ
54794,MTJ-SWM PASS,MTJ,SWM
54803,JU - ADI PAS,JU,ADI
54804,ADI - JU PAS,ADI,JU
54805,JAIPUR PASSE,ADI,JP
54806,JP ADI PASSN,JP,ADI
54809,RE-JU PASS,RE,JU
54810,JU-RE PASSEN,JU,RE
54813,JU-BME PASS,JU,BME
54833,JP HSR PASS,JP,HSR
54834,HSR JP PASS,HSR,JP
54835,HSR-RE PAS.,HSR,RE
54836,RE-HSR PASS.,RE,HSR
55013,CPR-BSB PASS,CPR,BCY
55014,MUV-CPR PASS,BCY,CPR
55131,CPR-BSB PASS,CPR,BCY
55132,BCY-CPR PASS,BCY,CPR
55135,AMH-MUV PASS,AMH,BCY
55136,MUV-AMH PASS,BCY,AMH
55305,MB-RMR PASSE,MB,RMR
55306,RMR-MB  PASS,RMR,MB
55307,MB-RMR  PASS,MB,RMR
55308,RMR-MB  PASS,RMR,MB
55309,MB-RMR  PASS,MB,RMR
55310,RMR-MB  PASS,RMR,MB
55311,MB-KPV  PASS,MB,KPV
55312,KPV-MB PASSE,KPV,MB
55313,KPV-RMR PASS,KPV,RMR
55314,RMR-KPV  PAS,RMR,KPV
55321,MB-RMR  PASS,MB,RMR
55322,RMR-MB  PASS,RMR,MB
55323,MB-RMR  PASS,MB,RMR
55324,RMR-MB  PASS,RMR,MB
55615,GHY - SCL FA,GHY,SCL
55616,SCL - GHY FA,SCL,GHY
55663,AGTL - SCL P,AGTL,SCL
55664,SCL - AGTL P,SCL,AGTL
55675,AGTL - DMR,AGTL,DMR
55676,DMR - AGTL P,DMR,AGTL
55677,SCL - DMR PA,SCL,DMR
55678,DMR - SCL PA,DMR,SCL
55679,AGTL - DMR,AGTL,DMR
55680,DMR - AGTL P,DMR,AGTL
56001,MAS-AJJ PASS,MAS,AJJ
56002,AJJ-MAS PASS,AJJ,MAS
56035,TCN-TEN PASS,TCN,TEN
56036,TEN-TCN PASS,TEN,TCN
56105,SA-KRR PASSR,SA,KRR
56106,KRR-SA PASSR,KRR,SA
56107,SA-KRR PASSR,SA,KRR
56108,KRR-SA PASSR,KRR,SA
56215,YPR-MYS PASS,YPR,MYS
56216,MYS-YPR PASS,MYS,YPR
56221,SBC-TK PASS,SBC,TK
56222,TK-SBC PASS,TK,SBC
56223,SBC-ASK PASS,SBC,ASK
56224,ASK-SBC PASS,ASK,SBC
56225,SBC-TK PASS,SBC,TK
56226,TK-SBC PASS,TK,SBC
56231,MYS-SBC PASS,MYS,SBC
56232,SBC-MYS PASS,SBC,MYS
56237,MYS-SBC PASS,MYS,SBC
56238,SBC-MYS PASS,SBC,MYS
56241,SA-YPR PASSR,SA,YPR
56242,YPR-SA PASSR,YPR,SA
56261,AJJ-SBC PASS,AJJ,SBC
56262,SBC-AJJ PASS,SBC,AJJ
56263,MYS-SBC PASS,MYS,SBC
56264,SBC-MYS PASS,SBC,MYS
56265,ASK-MYS PASS,ASK,MYS
56266,MYS-ASK PASS,MYS,ASK
56267,ASK-MYS PASS,ASK,MYS
56268,MYS-ASK PASS,MYS,ASK
5631,GHY - SCL PA,GHY,SCL
5632,SCL - GHY PA,SCL,GHY
56385,ERS-KTYM,ERS,KTYM
56386,KTYM-ERS PAS,KTYM,ERS
56389,ERS-KTYM PAS,ERS,KTYM
56390,KTYM-ERS PAS,KTYM,ERS
56503,YPR-BZA  PAS,BNC,BZA
56504,BZA-YPR  PAS,BZA,BNC
56513,NCR-SBC PASS,KIK,SBC
56514,SBC-KIK PASS,SBC,KIK
56603,TCR-CAN PASS,TCR,CAN
56605,CBE-TCR PASS,CBE,TCR
56650,CAN-CBE PASS,CAN,CBE
56651,CBE-CAN PASS,CBE,CAN
56652,CAN-CLT PASS,CAN,CLT
56653,CLT-CAN PASS,CLT,CAN
56657,CLT-CAN PASS,CLT,CAN
56663,TCR-CLT PASS,TCR,CLT
56664,CLT-TCR PASS,CLT,TCR
56711,KIK-TPJ PASS,KIK,TPJ
56714,TPJ-KIK PASS,TPJ,KIK
56761,TEN-TCN PASS,TEN,TCN
56762,TCN-TEN PASS,TCN,TEN
56763,TEN-TCN,TEN,TCN
56764,TCN-TEN PASS,TCN,TEN
56765,TEN-TCN PASS,TEN,TCN
56766,TCN-TEN PASS,TCN,TEN
56769,PGT-TCN PASS,PGT,TCN
56770,TCN-PGT PASS,TCN,PGT
56925,SBC-TK FAST,SBC,TK
56926,TK-SBC FAST,TK,SBC
57271,BZA-RGDA PAS,BZA,RGDA
57272,RGDA-BZA PAS,RGDA,BZA
57447,MBNR PASS,KCG,MBNR
57456,MBNR-KCG PAS,MBNR,KCG
57517,HYB-TDU PASS,HYB,TDU
57518,TDU-HYB PASS,TDU,HYB
57549,HYB-AWB PASS,HYB,AWB
57550,AWB-HYB PASS,AWB,HYB
57561,MMR PASS,KCG,MMR
57562,MMR-KCG- PAS,MMR,KCG
57601,KCG-NZB PASS,KCG,NZB
57602,NZB-KCG PASS,NZB,KCG
57625,SC-MUGR FAST,SC,MUGR
57626,MUGR-SC FAST,MUGR,SC
57651,SC-RAL PASS,SC,RAL
57652,RAL-SC PASS,RAL,SC
57687,NZB-KCG PASS,NZB,KCG
57688,KCG-NZB,KCG,NZB
57689,NZB-KCG PASS,NZB,KCG
57690,KCG-NZB PASS,KCG,NZB
58001,HWH  PURI  P,HWH,PURI
58223,MDGR-ABKP PA,MDGR,ABKP
58401,CTC-PRDP,CTC,PRDP
58402,PRDP-CTC,PRDP,CTC
58405,CTC-PRDP,CTC,PRDP
58406,PRDP-CTC,PRDP,CTC
58411,BBS-BAM PASS,BBS,BAM
58412,BAM-BBS PASS,BAM,BBS
58413,TLHR-PURI PA,TLHR,PURI
58414,PURI-TLHR PA,PURI,TLHR
58415,CTC-PURI PAS,CTC,PURI
58416,PURI-CTC PAS,PURI,CTC
58433,CTC-BAM FAST,CTC,BAM
58434,BAM-CTC  FAS,BAM,CTC
58535,CTC-PRDP,CTC,PRDP
58536,PRDP-CTC,PRDP,CTC
58701,SDL - ABKP P,SDL,ABKP
58702,ABKP - SDL P,ABKP,SDL
59023,BCT BL PASS,BCT,BL
59024,BL BCT PASS,BL,BCT
59037,VIRAR ST PAS,VR,ST
59038,SURAT VR PAS,ST,VR
59039,VR BL SHUTTL,VR,BL
59040,VAPI VR SHUT,VAPI,VR
59045,VAPI PASSENG,BDTS,VAPI
59046,BL BDTS PASS,BL,BDTS
59048,SURAT BL PAS,ST,BL
59161,BHARUCH ANND,BH,ANND
59162,ANND BHARUCH,ANND,BH
59306,UJN INDB PAS,UJN,INDB
59307,INDB UJN PAS,INDB,UJN
59355,RATLAM MTJ P,RTM,MTJ
59356,MTJ RATLAM P,MTJ,RTM
59425,BHUJ - PNU P,BHUJ,PNU
59426,PNU - BHUJ P,PNU,BHUJ
59439,AHMADABAD PA,BCT,ADI
59440,AHMADABAD PA,ADI,BCT
59441,AHMEDABAD PA,BCT,ADI
59442,AHMEDABAD PA,ADI,BCT
59549,SANKALP FAST,BRC,ADI
59550,SANKALP FAST,ADI,BRC
59721,JP-HSR PASSE,JP,HSR
59722,HSR-JP PASS.,HSR,JP
59811,HALDIGHATI P,RTM,AF
59812,JAB-KOTA-RTM,JAB,RTM
6001,MS-TEN SPECI,MS,TEN
6002,TEN - MS SPE,TEN,MS
6006,ERS-MAS SPL,ERS,MAS
604,PNBE-ASR FTR,PNBE,ASR
63220,RPR-PNBE MEM,RPR,PNBE
63226,BSB-PNBE MEM,BSB,PNBE
63232,BXR-PNBE MEM,BXR,PNBE
63233,PNBE-BSB MEM,PNBE,BSB
63263,PNBE-BXR MEM,PNBE,BXR
63545,ASN-DHN PGR.,ASN,DHN
63546,DHN - ASN PA,DHN,ASN
63551,ASN-DHN PGR.,ASN,DHN
63552,DHN - ASN PA,DHN,ASN
63553,ASN BSB PASS,ASN,BSB
63554,BSB ASN PASS,BSB,ASN
63597,RNC-ASN PASS,RNC,ASN
63598,ASN-RNC PASS,ASN,RNC
64001,DLI-PNP MEMU,DLI,PNP
64002,PNP-DLI MEMU,PNP,DLI
64003,NDLS-SNP 12C,NDLS,SNP
64011,PWL-SSB 10 C,PWL,SSB
64012,SSB-PWL 12CA,SSB,PWL
64013,PWL-SSB 12CA,PWL,SSB
64014,SSB-PWL 10 C,SSB,PWL
64015,PWL-SSB 12CA,PWL,SSB
64016,SSB-PWL EMU,SSB,PWL
64017,PWL-SSB 12CA,PWL,SSB
64018,SSB-NDLS EMU,SSB,NDLS
64019,PWL-SSB EMU,PWL,SSB
64061,PWL-DLI EMU,PWL,DLI
64062,DLI-BVH EMU,DLI,PWL
64064,PND-4 EMU,DLI,PWL
64075,PWL-NDLS 10C,PWL,NDLS
64076,NDLS-PWL 10C,NDLS,PWL
64077,PWL-NDLS EMU,PWL,NDLS
64078,NDLS-PWL 12C,NDLS,PWL
64080,NDLS-PWL 10,NDLS,PWL
64082,NDLS-PWL EMU,NDLS,PWL
64084,NDLS-PWL EMU,NDLS,PWL
64087,NZM-NDLS 10,NZM,NDLS
64088,NZM-NDLS 10C,NZM,NDLS
64089,NZM-NZM EMU,NZM,NZM
64090,NZM-NZM EMU,NZM,NZM
64091,HNZM-HNZM EM,NZM,NZM
64092,NZM-NZM EMU,NZM,NZM
64093,NZM-NDLS 10,NZM,SSB
64094,SSB-NZM 10 C,SSB,NZM
64095,NDLS-SSB 10C,NDLS,SSB
64096,SSB-NZM,SSB,NZM
64097,NDLS-SSB 10,NDLS,SSB
64098,SSB-NZM EMU,SSB,NZM
64153,CNB-ETW MEMU,CNB,ETW
64156,ETW-CNB MEMU,ETW,CNB
64157,ETW-AGC MEMU,ETW,AGC
64160,AGC-ETW MEMU,AGC,ETW
64163,CNB-PNK MEMU,CNB,PNK
64201,LKO-CNB MEMU,LKO,CNB
64202,CNB-LKO MEMU,CNB,LKO
64203,LKO-CNB MEMU,LKO,CNB
64204,CNB-LKO MEMU,CNB,LKO
64205,LKO-CNB MEMU,LKO,CNB
64206,CNB-LKO MEMU,CNB,LKO
64207,LKO-CNB MEMU,LKO,CNB
64208,CNB-LKO MEMU,CNB,LKO
64209,LKO-CNB MEMU,LKO,CNB
64210,CNB-LKO MEMU,CNB,LKO
64211,LKO-CNB MEMU,LKO,CNB
64212,CNB-LKO MEMU,CNB,LKO
64213,LKO-CNB MEMU,LKO,CNB
64214,KAP-LKO MEMU,KAP,LKO
64216,KAP-LKO MEMU,KAP,LKO
64251,LJN-CNB MEMU,LJN,CNB
64252,CNB-LJN MEMU,CNB,LJN
64253,LJN-KAP MEMU,LJN,KAP
64254,CNB-LJN MEMU,CNB,LJN
64255,LJN-KAP MEMU,LJN,KAP
64257,LJN-CNB MEMU,LJN,CNB
64260,PNK-LJN MEMU,PNK,LJN
64281,SLN-LKO MEMU,SLN,LKO
64282,LKO-SLN MEMU,LKO,SLN
64451,DLI-PNP MEMU,DLI,PNP
64453,DLI-PNP 12CA,DLI,PNP
64464,PNP-NDLS MEM,PNP,NDLS
64466,PNP-NDLS MEM,PNP,NDLS
64470,PNP-NDLS LAD,PNP,NDLS
64491,PWL-NDLS LAD,PWL,NDLS
64492,NDLS-PWL LAD,NDLS,PWL
64493,PWL-NZM 10CA,PWL,NZM
64494,NZM-PWL MEMU,NZM,PWL
64531,DLI-PNP PASS,DLI,PNP
64533,DLI-PNP MEMU,DLI,PNP
64536,PNP-DLI-MEMU,PNP,DLI
64551,LDH-ASR MEMU,LDH,ASR
64552,ASR-LDH MEMU,ASR,LDH
64557,DLI-SRE MEMU,DLI,SRE
64558,SRE-DLI MEMU,SRE,DLI
64559,DLI - SRE ME,DLI,SRE
64560,SRE - DLI ME,SRE,DLI
64565,MB-SRE MEMU,MB,SRE
64566,SRE-MB MEMU,SRE,MB
64591,ALD-CNB,ALD,CNB
64592,CNB-ALD,CNB,ALD
64905,MTJ-NDLS 12C,MTJ,NDLS
64910,SSB-MTJ 12CA,SSB,MTJ
64953,AGC-NZM EMU,AGC,NZM
64957,AGC-PWL MEMU,AGC,PWL
64958,PWL-AGC MEMU,PWL,AGC
6541,YPR-PVR WEEK,YPR,PVR
6542,PVR-YPR WEEK,PVR,YPR
6547,YPR-ERS WEEK,YPR,ERS
6548,ERS-YPR WEEK,ERS,YPR
66014,TPTY-AJJ MEM,TPTY,AJJ
66016,AJJ-MSB PASS,AJJ,MSB
66033,TPTY-NLR PAS,TPTY,NLR
66034,NLR-TPTY PAS,NLR,TPTY
66039,AJJ-TPTY MEM,AJJ,TPTY
66049,AJJ-TPTY MEM,AJJ,TPTY
66050,TPTY-AJJ MEM,TPTY,AJJ
66523,SBC-HUP PASS,SBC,HUP
66524,HUP-SBC PASS,HUP,SBC
66535,SBC-RMGM MEM,SBC,RMGM
66536,RMGM - SBC M,RMGM,SBC
66537,SBC-RMGM MEM,SBC,RMGM
66538,RMGM,RMGM,SBC
66539,SBC-RMGM MEM,SBC,RMGM
66540,RMGM,RMGM,SBC
66602,CBE-SA PASS,CBE,SA
66603,SA-CBE PASS,SA,CBE
66611,PGT-ERS MEMU,PGT,ERS
66612,ERS-PGT MEMU,ERS,PGT
67249,TDU-SC MEMU,TDU,SC
67250,SC-TDU,SC,TDU
67260,PUSHPULL,OGL,BZA
67263,PUSHPULL,BZA,OGL
67264,PUSHPULL,HYB,WL
67265,PUSHPULL,WL,HYB
67267,PUSHPULL,WL,HYB
67297,BZAPASS,OGL,BZA
67298,BZA-GDR PASS,BZA,OGL
68088,DHN BQA  LOC,DHN,BQA
68749,SDL - ABKP M,SDL,ABKP
68750,ABKP - SDL M,ABKP,SDL
69101,BRC-ADI MEMU,BRC,ADI
69102,ADI - BRC ME,ADI,BRC
69104,ANND - BRC M,ANND,BRC
69105,ANND-ADI MEM,ANND,ADI
69106,ADI-ANND MEM,ADI,ANND
69107,BRC - ADI ME,BRC,ADI
69108,ADI-BRC MEMU,ADI,BRC
69109,ST-BRC MEMU,ST,BRC
69110,BRC-ST MEMU,BRC,ST
69111,ST-BRC MEMU,ST,BRC
69112,BRC - ST MEM,BRC,ST
69113,BRC-ADI MEMU,BRC,ADI
69114,ADI-BRC MEMU,ADI,BRC
69115,BRC-ADI MEMU,BRC,ADI
69116,ADI - ANND M,ADI,ANND
69121,BRC - GDA ME,BRC,GDA
69122,GDA - BRC ME,GDA,BRC
69123,ANND-GDA MEM,ANND,GDA
69124,GDA-ANND MEM,GDA,ANND
69125,ANND-GDA MEM,ANND,GDA
69126,GDA-ANND MEM,GDA,ANND
69127,ANND-ADI MEM,ANND,ADI
69128,ADI-ANND MEM,ADI,ANND
69129,ANND-ADI MEM,ANND,ADI
69130,ADI-ANND MEM,ADI,ANND
69137,BRC ANND MEM,BRC,ANND
69138,ANND BRC MEM,ANND,BRC
69139,BVI ST MEMU,BVI,ST
69140,SURAT VR,ST,VR
69145,ANAND GDA ME,ANND,GDA
69146,GODHRA ANND,GDA,ANND
69147,ANND GODHRA,ANND,GDA
69149,VIRAR BH,VR,BH
69150,BH VIRAR,BH,VR
69151,BL - ST MEMU,BL,ST
69152,ST  - BL MEM,ST,BL
69161,PNVL - DRD M,PNVL,DRD
69164,DRD - PNVL,DRD,PNVL
69165,PNVL - BSR M,PNVL,BSR
69166,BSR - PNVL M,BSR,PNVL
69167,PNVL - BSR M,PNVL,BSR
69168,BSR - PNVL M,BSR,PNVL
69169,ST - NDB MEM,ST,NDB
69171,ST - BH,ST,BH
69172,BH - ST,BH,ST
69173,VR DRD,VR,DRD
69174,DRD BVI  MEM,DRD,BVI
7146,TPTY-KCG,TPTY,KCG
7149,SC-GHY HSP,SC,GHY
71909,AGC-ETW-MNQ,AGC,ETW
71910,ETW-AGC DEMU,ETW,AGC
73429,BGP-JMP PGR,BGP,JMP
73430,JMP-BGP PGR,JMP,BGP
73911,SGG-JMP PGR.,SGG,JMP
73912,JMP-SGG PGR,JMP,SGG
73913,SGG-JMP PGR.,SGG,JMP
73914,JMP-SGG PGR,JMP,SGG
73916,JMP-SGG PGR,JMP,SGG
74001,DLI-RE DMU,DLI,RE
74002,RE-DLI DMU,RE,DLI
74003,DLI-RE DMU,DLI,RE
74004,RE-DLI DMU,RE,DLI
74021,DLI-SRE DMU,DLI,SRE
74022,HARIDWAR-DLI,SMQL,DLI
74023,DELHI-HARIDW,DLI,SMQL
74024,SREL-DLI DMU,SRE,DLI
74025,DELHI-SHAMLI,DLI,SMQL
74026,SHAMLI-DELHI,SMQL,DLI
7410,TPTY-AK,TPTY,AWB
7429,SC-TPTY,SC,TPTY
7430,TPTY-SC,TPTY,SC
74642,JUC-ASR,ASR,JUC
74643,JUC-ASR DMU,JUC,ASR
74644,ASR-JUC DMU,ASR,JUC
74647,LDH-JUC DMU,LDH,JUC
74648,JUC-NRO-LDH,JUC,LDH
74671,ASR-PTK DMU,ASR,PTK
74672,PTK-ASR DMU,PTK,ASR
74675,ASR-PTK DMU,ASR,PTK
74676,PTK-ASR DMU,PTK,ASR
74835,JU HSR PASS,JU,HSR
74836,HSR JU PASS,HSR,JU
74837,JU BLDI PASS,JU,PNU
74838,BLDI JU PASS,PNU,JU
74839,JU BME PASS,JU,BME
74840,BME JU PASS,BME,JU
74843,JU BME PASS,JU,BME
74844,BME JU PASS,BME,JU
74845,RE SDLP HSR,RE,HSR
74846,HSR SDLP RE,HSR,RE
74847,RE SDLP HSR,RE,HSR
74848,HSR SDLP RE,HSR,RE
74901,PTK-JUC DMU,JUC,PTK
74902,PTK-JUC DMU,PTK,JUC
74903,PTK-JUC DMU,JUC,PTK
74904,PTK-JUC DMU,PTK,JUC
74906,UHP-JAT-DMU,UHP,JAT
74907,JAT-UHP DMU,JAT,UHP
74909,PTK-JAT-UHP-,PTK,UHP
74910,PTK-JAT-UHP-,UHP,PTK
74911,HSX-JUC DMU,HSX,JUC
74912,HSX-JUC DMU,JUC,HSX
74913,HSX-JUC DMU,HSX,JUC
74914,HSX-JUC DMU,JUC,HSX
74915,HSX-JUC DMU,HSX,JUC
74916,HSX-JUC DMU,JUC,HSX
74917,HSX-JUC DMU,HSX,JUC
74918,HSX-JUC DMU,JUC,HSX
74919,HSX-JUC DMU,HSX,JUC
74920,HSX-JUC DMU,JUC,HSX
74923,HSX-ASR DMU,HSX,ASR
74981,KKP-FKA DMU,KKP,FKA
74982,FKA-KKP DMU,FKA,KKP
74983,KKP-FKA DMU,KKP,FKA
74984,FKA-KKP DMU,FKA,KKP
7603,KCG-KJM HSP,KCG,KJM
7604,KJM-KCG HSP,KJM,KCG
76800,TPJ-LLI  DMU,TPJ,LLI
76803,LLI-TPJ  DMU,LLI,TPJ
76804,TPJ-LLI DMU,TPJ,LLI
76812,TJ-KIK-DEMU,TJ,KIK
76815,KIK-TJ PASSR,KIK,TJ
76820,TPJ-TJ DEMU,TPJ,TJ
76821,TJ-TPJ DEMU,TJ,TPJ
76822,TPJ-TJ DEMU,TPJ,TJ
76823,TJ-TPJ DEMU,TJ,TPJ
76824,TPJ TJ DEMU,TPJ,TJ
76827,TJ TPJ  DEMU,TJ,TPJ
76828,TPJ-TJ DEMU,TPJ,TJ
76829,TJ-TPJ DEMU,TJ,TPJ
76833,TPJ KRR PASS,TPJ,KRR
76834,KRR TPJ PASS,KRR,TPJ
76835,TPJ KRR DMU,TPJ,KRR
76836,KRR TPJ PASS,KRR,TPJ
76851,KIK- TPJ PAS,KIK,TPJ
76852,TPJ-KIK PASS,TPJ,KIK
77259,NZB-KRMR DEM,NZB,KRMR
77260,KRMR-MRTD PA,KRMR,NZB
7757,SC-BZA  SPL,SC,BZA
7758,BZA-SC  SPL,BZA,SC
77671,KCG-MBNR DEM,KCG,MBNR
77672,MBNR-KCG DEM,MBNR,KCG
77673,MRGA-KCG DEM,MRGA,KCG
77674,KCG-MRGA DEM,KCG,MRGA
77675,KCG-MRGA DEM,KCG,MRGA
77678,MRGA-KCG DEM,MRGA,KCG
78502,BBS-CTC  PAS,BBS,CTC
78503,BBS-BAM PASS,BBS,BAM
78504,BAM-BBS PASS,BAM,BBS
79301,RTM - BHL DM,RTM,BHL
79302,BHL - RTM DM,BHL,RTM
79429,ANND-ADI DMU,ANND,ADI
79430,ADI-ANND DMU,ADI,ANND
79431,ADI-MSH DMU,ADI,MSH
79432,MSH-ADI DMU,MSH,ADI
82601,MS TEN SUVID,MS,TEN
82606,TEN-MS SUVD,TEN,MS
82631,MAS-ERS SUVI,MAS,ERS
82653,YPR-JP WEEKL,YPR,JP
82654,JP-YPR WEEKL,JP,YPR
8627,HWH RNC SPL,HWH,RNC
8628,RNC HWH  SPL,RNC,HWH
9003,BDTS NZM  SF,BDTS,NZM
9004,NZM  BDTS SF,NZM,BDTS
9005,BCT NDLS BI,BCT,NDLS
9006,NDLS BCT BI,NDLS,BCT
93001,VR-DRD,VR,DRD
93002,DRD-BVI,DRD,ADH
93003,VR-DRD,VR,DRD
93004,DRD-CCG,DRD,VR
93008,DRD-BVI,DRD,BVI
93009,ADH-DRD,ADH,DRD
93010,DRD-CCG,DRD,VR
93011,VR-DRD,VR,DRD
93012,DRD-VR,DRD,VR
93013,BVI-DRD,BVI,DRD
93014,DRD-DDR,DRD,VR
93017,VR-DRD,VR,DRD
93018,DRD-CCG,DRD,VR
93019,VR-DRD EMU,VR,DRD
93020,DRD-DDR,DRD,DDR
93021,VR DRD LOCAL,VR,DRD
93022,DRD DDR EMU,DRD,DDR
93023,VR DRD EMU,VR,DRD
93024,DRD-VR,DRD,VR
93027,DDR-DRD,DDR,DRD
93029,DDR DRD EMU,DDR,DRD
93031,VR - DRD,VR,DRD
93032,DRD  VR EMU,DRD,VR
93034,DRD- VR  EMU,DRD,VR
93101,VR-DRD EMU,VR,DRD
93102,DRD-VR MEMU,DRD,VR
93104,DRD-VR,DRD,VR
93105,VR-DRD,VR,DRD
93109,VR-DRD,VR,DRD
95101,S7,KYN,KJT
95102,S8,KJT,KYN
95103,S9,KYN,KJT
95104,S10,KJT,KYN
95105,S11,KYN,KJT
95106,S12,KJT,KYN
95107,S13,KYN,KJT
95108,S14,KJT,KYN
95109,S15,KYN,KJT
95110,S16,KJT,KYN
95111,S17,KYN,KJT
95112,S18,KJT,KYN
95113,S19,KYN,KJT
95114,S20,KJT,KYN
95115,S21,KYN,KJT
95116,S22,KJT,KYN
95117,S23,KYN,KJT
95118,S24,KJT,KYN
95119,S25,KYN,KJT
95120,S26,KJT,KYN
95121,S27,KYN,KJT
95122,S28,KJT,KYN
95123,S29,KYN,KJT
95124,S30,KJT,KYN
95125,S31,KYN,KJT
95126,S32,KJT,KYN
95127,S33,KYN,KJT
95128,S34,KJT,KYN
95129,S35,KYN,KJT
95130,S36,KJT,KYN
95131,S37,KYN,KJT
95132,S38,KJT,KYN
95134,S40,KJT,KYN
95136,S42,KJT,KYN
95138,S44,KJT,KYN
95140,S46,KJT,KYN
95142,S48,KJT,KYN
95144,S52,KJT,KYN
95701,K1,CSTM,KYN
95702,KW2,KYN,CSTM
95703,K11,CSTM,KYN
95704,K14,KYN,CSTM
95705,K19,CSTM,KYN
95706,DK4,KYN,DR
95707,K21,CSTM,KYN
95708,K20,KYN,CSTM
95709,K27,CSTM,KYN
95710,K28,KYN,CSTM
95711,K33,CSTM,KYN
95712,K30,KYN,CSTM
95713,DK5,DR,KYN
95714,K32,KYN,CSTM
95715,K41,CSTM,KYN
95716,K34,KYN,CSTM
95717,K53,CSTM,KYN
95718,K36,KYN,CSTM
95719,K73,CSTM,KYN
95720,K42,KYN,CSTM
95721,KW1,CSTM,KYN
95722,DK10,KYN,DR
95723,DK15,DR,KYN
95724,K56,KYN,CSTM
95725,DK17,DR,KYN
95726,K76,KYN,CSTM
95727,K89,CSTM,KYN
95728,K94,KYN,CSTM
95729,DK21,DR,KYN
95730,DK20,KYN,DR
95731,K95,CSTM,KYN
95732,K98,KYN,CSTM
95733,K101,CSTM,KYN
95734,DK22,KYN,DR
95735,DK27,DR,KYN
95736,K102,KYN,CSTM
95737,K103,CSTM,KYN
95738,K106,KYN,CSTM
95739,K111,CSTM,KYN
95740,K112,KYN,CSTM
95741,K115,CSTM,KYN
95742,K116,KYN,CSTM
95743,K119,CSTM,KYN
95744,K128,KYN,CSTM
95745,K121,CSTM,KYN
95746,K138,KYN,CSTM
95901,T17,CSTM,TNA
95902,T8,TNA,CSTM
95903,T27,CSTM,TNA
95904,T36,TNA,CSTM
95905,T33,CSTM,TNA
95906,T42,TNA,CSTM
95907,T43,CSTM,TNA
95908,T50,TNA,CSTM
95909,T107,CSTM,TNA
95910,T62,TNA,CSTM
95911,T117,CSTM,TNA
95912,T74,TNA,CSTM
95913,T127,CSTM,TNA
95917,T117,CSTM,TNA
95919,T131,CSTM,TNA
96101,S1,KYN,KJT
96102,S2,KJT,KYN
96103,TS1,KYN,KJT
96104,S4,KJT,KYN
96105,TS3,KYN,KJT
96106,S6,KJT,KYN
96107,S3,KYN,KJT
96108,TS2,KJT,KYN
96109,S5,KYN,KJT
96110,TS4,KJT,KYN
96111,TS5,KYN,KJT
96112,S50,KJT,KYN
96113,TS7,KYN,KJT
96114,S48,KJT,CSTM
96115,TS9,KYN,KJT
96116,S50,KJT,CSTM
96117,TS11,KYN,KJT
96119,S39,KYN,KJT
96121,S41,KYN,KJT
97000,K2,KYN,CSTM
97002,K2,KYN,CSTM
97004,K4,KYN,CSTM
97006,K6,KYN,CSTM
97008,K8,KYN,CSTM
97010,K10,KYN,CSTM
97011,K3,CSTM,KYN
97012,DK2,KYN,DR
97014,K12,KYN,CSTM
97015,K5,CSTM,KYN
97016,K16,KYN,CSTM
97017,K7,CSTM,KYN
97018,K18,KYN,CSTM
97019,K9,CSTM,KYN
97020,K22,KYN,CSTM
97021,K13,CSTM,KYN
97022,K24,KYN,CSTM
97023,DK1,DR,KYN
97024,K26 L SPL,KYN,CSTM
97025,K15,CSTM,KYN
97026,DK6,KYN,DR
97027,K17,CSTM,KYN
97028,DK8,KYN,DR
97029,K23,CSTM,KYN
97030,K38,KYN,CSTM
97031,K25,CSTM,KYN
97032,K40,KYN,CSTM
97033,TK1,TNA,KYN
97034,K44,KYN,CSTM
97035,DK3,DR,KYN
97036,K46,KYN,CSTM
97037,K29,CSTM,KYN
97038,K48,KYN,CSTM
97039,K31,CSTM,KYN
97040,K50,KYN,CSTM
97041,K35,CSTM,KYN
97043,DK7,DR,KYN
97044,K52,KYN,CSTM
97045,DK9,DR,KYN
97046,TK2,KYN,TNA
97047,K37,CSTM,KYN
97048,K54,KYN,CSTM
97049,K39,CSTM,KYN
97050,DK12,KYN,DR
97052,K58,KYN,CSTM
97053,K43,CSTM,KYN
97054,K60,KYN,CSTM
97055,K45,CSTM,KYN
97056,TK4,KYN,TNA
97057,K47,CSTM,KYN
97058,K62,KYN,CSTM
97059,K49,CSTM,KYN
97060,K64,KYN,CSTM
97061,K51,CSTM,KYN
97062,K66,KYN,CSTM
97063,DK11,DR,KYN
97065,K55,CSTM,KYN
97066,K68,KYN,CSTM
97067,K57,CSTM,KYN
97068,K70,KYN,CSTM
97069,K59,CSTM,KYN
97070,K72,KYN,CSTM
97071,K61,CSTM,KYN
97072,DK14,KYN,DR
97073,TK3,TNA,KYN
97074,K74,KYN,CSTM
97075,K63,CSTM,KYN
97076,K78,KYN,CSTM
97078,K80,KYN,CSTM
97079,K65,CSTM,KYN
97080,K82,KYN,CSTM
97081,K67,CSTM,KYN
97082,K84,KYN,CSTM
97083,K69,CSTM,KYN
97084,K86,KYN,CSTM
97085,K71,CSTM,KYN
97086,TK6,KYN,TNA
97087,DK13,DR,KYN
97088,K88,KYN,CSTM
97089,K75,CSTM,KYN
97090,K90,KYN,CSTM
97091,K77,CSTM,KYN
97092,DK16,KYN,DR
97093,K79,CSTM,KYN
97094,TK8,KYN,TNA
97095,K81,CSTM,KYN
97096,K92,KYN,CSTM
97098,DK18,KYN,DR
97100,K96,KYN,CSTM
97101,K83,CSTM,KYN
97102,K100,KYN,CSTM
97103,K85,CSTM,KYN
97104,K104,KYN,CSTM
97105,K87,CSTM,KYN
97106,K108,KYN,CSTM
97107,DK19,DR,KYN
97108,K110,KYN,CSTM
97110,DK24,KYN,DR
97111,K91,CSTM,KYN
97112,K114,KYN,CSTM
97113,K93,CSTM,KYN
97114,K118,KYN,CSTM
97115,DK23,DR,KYN
97117,K97,CSTM,KYN
97118,TK10,KYN,TNA
97119,K99,CSTM,KYN
97120,DK26,KYN,DR
97121,DK25,DR,KYN
97122,K120,KYN,CSTM
97123,DK29,DR,KYN
97124,K122,KYN,CSTM
97125,K105,CSTM,KYN
97126,DK28,KYN,DR
97127,K107,CSTM,KYN
97128,K124,KYN,CSTM
97129,K109,CSTM,KYN
97130,TK12,KYN,TNA
97132,DK30,KYN,DR
97133,K113,CSTM,KYN
97134,DK32,KYN,DR
97135,DK31,DR,KYN
97136,K126,KYN,CSTM
97137,DK33,DR,KYN
97138,DK34,KYN,DR
97139,K117,CSTM,KYN
97141,DK35,DR,KYN
97142,K130,KYN,CSTM
97143,DK37,DR,KYN
97144,K132,KYN,CSTM
97145,DK39,DR,KYN
97146,K134,KYN,CSTM
97147,K123,CSTM,KYN
97149,K125,CSTM,KYN
97150,TK14,KYN,TNA
97151,K127,CSTM,KYN
97152,TK16,KYN,TNA
97153,K129,CSTM,KYN
97155,DK41,DR,KYN
97301,T1,CSTM,TNA
97302,T2,TNA,CSTM
97303,T3,CSTM,TNA
97304,T4,TNA,CSTM
97305,T5,CSTM,TNA
97306,T6,TNA,CSTM
97307,T7,CSTM,TNA
97308,T10,TNA,CSTM
97309,T9,CSTM,TNA
97310,T12,TNA,CSTM
97311,T11,CSTM,TNA
97312,T14,TNA,CSTM
97313,T13,CSTM,TNA
97314,T16,TNA,CSTM
97315,T15,CSTM,TNA
97316,T18,TNA,CSTM
97317,T19,CSTM,TNA
97318,T20,TNA,CSTM
97319,T21,CSTM,TNA
97320,T22,TNA,CSTM
97321,T23,CSTM,TNA
97322,T24,TNA,CSTM
97323,T25,CSTM,TNA
97324,T26,TNA,CSTM
97325,T29,CSTM,TNA
97326,T28,TNA,CSTM
97327,T31,CSTM,TNA
97328,T30,TNA,CSTM
97329,T35,CSTM,TNA
97330,T32,TNA,CSTM
97331,T37,CSTM,TNA
97332,T34,TNA,CSTM
97333,T39,CSTM,TNA
97334,T38,TNA,CSTM
97335,T41,CSTM,TNA
97336,T4O,TNA,CSTM
97337,T45,CSTM,TNA
97338,T44,TNA,CSTM
97339,T47,CSTM,TNA
97340,T46,TNA,CSTM
97341,T49,CSTM,TNA
97342,T48,TNA,CSTM
97343,T51,CSTM,TNA
97344,T52,TNA,CSTM
97345,T53,CSTM,TNA
97346,T54,TNA,CSTM
97347,T55,CSTM,TNA
97348,T56,TNA,CSTM
97349,T57,CSTM,TNA
97350,T58,TNA,CSTM
97351,T59,CSTM,TNA
97352,T60,TNA,CSTM
97353,T61,CSTM,TNA
97354,T64,TNA,CSTM
97355,T63,CSTM,TNA
97356,T66,TNA,CSTM
97357,T65,CSTM,TNA
97358,T68,TNA,CSTM
97359,T67,CSTM,TNA
97360,T70,TNA,CSTM
97361,T69,CSTM,TNA
97362,T72,TNA,CSTM
97363,T 71,CSTM,TNA
97364,T76,TNA,CSTM
97365,T 73,CSTM,TNA
97366,T78,TNA,CSTM
97367,T 75,CSTM,TNA
97368,T80,TNA,CSTM
97369,T 77,CSTM,TNA
97370,T82,TNA,CSTM
97371,T79,CSTM,TNA
97372,T 84,TNA,CSTM
97373,T81,CSTM,TNA
97374,T 86,TNA,CSTM
97375,DT1,DR,TNA
97376,T 88,TNA,CSTM
97377,T83,CSTM,TNA
97378,T90,TNA,CSTM
97379,T85,CSTM,TNA
97380,T92,TNA,CSTM
97381,T87,CSTM,TNA
97382,T94,TNA,CSTM
97383,T89,CSTM,TNA
97384,DT2,TNA,DR
97385,T91,CSTM,TNA
97386,T96,TNA,CSTM
97387,T93,CSTM,TNA
97388,T98,TNA,CSTM
97389,T95,CSTM,TNA
97390,T100,TNA,CSTM
97391,T97,CSTM,TNA
97392,T102,TNA,CSTM
97393,T99,CSTM,TNA
97394,T104,TNA,CSTM
97395,T101,CSTM,TNA
97396,T106,TNA,CSTM
97397,T103,CSTM,TNA
97398,T108,TNA,CSTM
97399,T105,CSTM,TNA
97400,T110,TNA,CSTM
97401,T109,CSTM,TNA
97402,T112,TNA,CSTM
97403,T111,CSTM,TNA
97404,T114,TNA,CSTM
97405,T113,CSTM,TNA
97406,DT4,TNA,DR
97407,T115,CSTM,TNA
97408,T116,TNA,CSTM
97409,DT3,DR,TNA
97410,DT6,TNA,DR
97411,T119,CSTM,TNA
97412,T118,TNA,CSTM
97413,T121,CSTM,TNA
97414,T120,TNA,CSTM
97415,DT5,DR,TNA
97416,T122,TNA,CSTM
97417,T123,CSTM,TNA
97418,T124,TNA,CSTM
97419,T125,CSTM,TNA
97420,DT8,TNA,DR
97421,T129,CSTM,TNA
97422,T126,TNA,CSTM
97423,T131,CSTM,TNA
97424,DT10,TNA,DR
97425,T133,CSTM,TNA
97426,T128,TNA,CSTM
97427,T135,CSTM,TNA
97428,T130,TNA,CSTM
97429,DT7,DR,TNA
97430,DT12,TNA,DR
97431,T137,CSTM,TNA
97432,T132,TNA,CSTM
97433,T139,CSTM,TNA
97434,T134,TNA,CSTM
97435,T141,CSTM,TNA
97436,T136,TNA,CSTM
97437,T143,CSTM,TNA
97438,T138,TNA,CSTM
97439,T145,CSTM,TNA
97440,T140,TNA,CSTM
97441,T147,CSTM,TNA
97442,DT14,TNA,DR
97444,T146,TNA,CSTM
97445,T149,CSTM,TNA
97446,T148,TNA,CSTM
98000,PL2,PNVL,CSTM
98001,PL1,CSTM,PNVL
98002,PL4,PNVL,CSTM
98003,PL3,CSTM,PNVL
98004,PL6,PNVL,CSTM
98005,PL5,CSTM,PNVL
98006,PL8,PNVL,CSTM
98007,PL7,CSTM,PNVL
98008,PL10,PNVL,CSTM
98009,PL9,CSTM,PNVL
98010,PL12,PNVL,CSTM
98011,PL11,CSTM,PNVL
98012,PL14,PNVL,CSTM
98014,PL16,PNVL,CSTM
98015,PL13,CSTM,PNVL
98016,PL18,PNVL,CSTM
98017,PL15,CSTM,PNVL
98019,PL17,CSTM,PNVL
98020,PL20,PNVL,CSTM
98022,PL22,PNVL,CSTM
98023,PL19,CSTM,PNVL
98024,PL24,PNVL,CSTM
98025,PL21,CSTM,PNVL
98027,PL23,CSTM,PNVL
98028,PL26,PNVL,CSTM
98029,PL25,CSTM,PNVL
98030,PL28,PNVL,CSTM
98033,PL27,CSTM,PNVL
98034,PL30,PNVL,CSTM
98035,PL 29,CSTM,PNVL
98036,PL32,PNVL,CSTM
98037,PL 31,CSTM,PNVL
98038,PL34,PNVL,CSTM
98039,PL 33,CSTM,PNVL
98041,PL 35,CSTM,PNVL
98042,PL36,PNVL,CSTM
98043,PL 37,CSTM,PNVL
98044,PL38,PNVL,CSTM
98045,PL 39,CSTM,PNVL
98046,PL40,PNVL,CSTM
98047,PL 41,CSTM,PNVL
98048,PL42,PNVL,CSTM
98049,PL43,CSTM,PNVL
98050,PL44,PNVL,CSTM
98052,PL46,PNVL,CSTM
98053,PL45,CSTM,PNVL
98054,PL48,PNVL,CSTM
98055,PL 47,CSTM,PNVL
98056,PL50,PNVL,CSTM
98057,PL 49,CSTM,PNVL
98058,PL52,PNVL,CSTM
98059,PL 51,CSTM,PNVL
98060,PL54,PNVL,CSTM
98061,PL53,CSTM,PNVL
98062,PL56,PNVL,CSTM
98063,PL 55,CSTM,PNVL
98064,PL58,PNVL,CSTM
98065,PL57,CSTM,PNVL
98066,PL60,PNVL,CSTM
98067,PL59,CSTM,PNVL
98068,PL62,PNVL,CSTM
98069,PL 61,CSTM,PNVL
98070,PL64,PNVL,CSTM
98071,PL 63,CSTM,PNVL
98072,PL66,PNVL,CSTM
98073,PL 65,CSTM,PNVL
98074,PL68,PNVL,CSTM
98075,PL67,CSTM,PNVL
98076,PL70,PNVL,CSTM
98077,PL69,CSTM,PNVL
98078,PL72,PNVL,CSTM
98079,PL71,CSTM,PNVL
98080,PL74,PNVL,CSTM
98081,PL73,CSTM,PNVL
98082,PL76,PNVL,CSTM
98084,PL78,PNVL,CSTM
98085,PL 75,CSTM,PNVL
98087,PL 77,CSTM,PNVL
98088,PL82,PNVL,CSTM
98089,PL 79,CSTM,PNVL
98090,PL84,PNVL,CSTM
98091,PL 81,CSTM,PNVL
98092,PL86,PNVL,CSTM
98093,PL83,CSTM,PNVL
98094,PL88,PNVL,CSTM
98095,PL85,CSTM,PNVL
98096,PL90,PNVL,CSTM
98097,PL87,CSTM,PNVL
98098,PL92,PNVL,CSTM
98099,PL89,CSTM,PNVL
98100,PL94,PNVL,CSTM
98101,PL91,CSTM,PNVL
98102,PL96,PNVL,CSTM
98104,PL98,PNVL,CSTM
98105,PL 93,CSTM,PNVL
98106,PL100,PNVL,CSTM
98107,PL 95,CSTM,PNVL
98108,PL102,PNVL,CSTM
98109,PL 97,CSTM,PNVL
98110,PL104,PNVL,CSTM
98111,PL 99,CSTM,PNVL
98112,PL106,PNVL,CSTM
98113,PL 101,CSTM,PNVL
98114,PL108,PNVL,CSTM
98115,PL 103,CSTM,PNVL
98116,PL110,PNVL,CSTM
98117,PL 105,CSTM,PNVL
98118,PL112,PNVL,CSTM
98119,PL 107,CSTM,PNVL
98120,PL114,PNVL,CSTM
98121,PL 109,CSTM,PNVL
98122,PL116,PNVL,CSTM
98123,PL 111,CSTM,PNVL
98124,PL118,PNVL,CSTM
98125,PL113,CSTM,PNVL
98126,PL120,PNVL,CSTM
98127,PL115,CSTM,PNVL
98128,PL122,PNVL,CSTM
98129,PL117,CSTM,PNVL
98130,PL124,PNVL,CSTM
98131,PL119,CSTM,PNVL
98132,PL126,PNVL,CSTM
98135,PL121,CSTM,PNVL
98136,PL128,PNVL,CSTM
98137,PL123,CSTM,PNVL
98138,PL130,PNVL,CSTM
98139,PL125,CSTM,PNVL
98140,PL132,PNVL,CSTM
98141,PL127,CSTM,PNVL
98142,PL134,PNVL,CSTM
98145,PL129,CSTM,PNVL
98146,PL136,PNVL,CSTM
98147,PL131,CSTM,PNVL
98148,PL138,PNVL,CSTM
98150,PL140,PNVL,CSTM
98151,PL 133,CSTM,PNVL
98152,PL142,PNVL,CSTM
98153,PL 135,CSTM,PNVL
98154,PL144,PNVL,CSTM
98155,PL 137,CSTM,PNVL
98156,PL146,PNVL,CSTM
98157,PL139,CSTM,PNVL
98158,PL148,PNVL,CSTM
98159,PL141,CSTM,PNVL
98160,PL150,PNVL,CSTM
98161,PL143,CSTM,PNVL
98162,PL152,PNVL,CSTM
98163,PL145,CSTM,PNVL
98164,PL154,PNVL,CSTM
98165,PL147,CSTM,PNVL
98168,PL156,PNVL,CSTM
98169,PL149,CSTM,PNVL
98170,PL158,PNVL,CSTM
98171,PL151,CSTM,PNVL
98172,PL160,PNVL,CSTM
98174,PL162,PNVL,CSTM
98175,PL153,CSTM,PNVL
98176,PL164,PNVL,CSTM
98178,PL166,PNVL,CSTM
98179,PL155,CSTM,PNVL
98180,PL168,PNVL,CSTM
98182,PL170,PNVL,CSTM
98183,PL157,CSTM,PNVL
98184,PL172,PNVL,CSTM
98185,PL 159,CSTM,PNVL
98186,PL174,PNVL,CSTM
98188,PL176,PNVL,CSTM
98189,PL 161,CSTM,PNVL
98190,PL178,PNVL,CSTM
98191,PL 163,CSTM,PNVL
98192,PL180,PNVL,CSTM
98193,PL 165,CSTM,PNVL
98194,PL182,PNVL,CSTM
98195,PL 167,CSTM,PNVL
98197,PL 169,CSTM,PNVL
98198,PL184,PNVL,CSTM
98199,PL 171,CSTM,PNVL
98201,PL 173,CSTM,PNVL
98202,PL186,PNVL,CSTM
98203,PL175,CSTM,PNVL
98204,PL188,PNVL,CSTM
98205,PL 177,CSTM,PNVL
98207,PL 179,CSTM,PNVL
98209,PL 181,CSTM,PNVL
98211,PL 183,CSTM,PNVL
98213,PL185,CSTM,PNVL
98215,PL187,CSTM,PNVL
99000,TPL2,PNVL,TNA
99001,TPL1,TNA,PNVL
99002,TPL4,PNVL,TNA
99003,T PL3,TNA,PNVL
99004,TPL6,PNVL,TNA
99005,T PL5,TNA,PNVL
99006,TPL8,PNVL,TNA
99007,TPL 7,TNA,PNVL
99008,TPL10,PNVL,TNA
99009,TPL 9 L/SPL,TNA,PNVL
99010,TPL12,PNVL,TNA
99011,TPL 11,TNA,PNVL
99012,TPL14,PNVL,TNA
99013,T PL 13,TNA,PNVL
99014,TPL16,PNVL,TNA
99015,TPL 15,TNA,PNVL
99016,TPL18,PNVL,TNA
99017,TPL 17,TNA,PNVL
99018,TPL20,PNVL,TNA
99019,TPL 19,TNA,PNVL
99020,TPL22,PNVL,TNA
99021,TPL 21,TNA,PNVL
99022,TPL24,PNVL,TNA
99023,TPL 23,TNA,PNVL
99024,TPL26,PNVL,TNA
99025,TPL 25,TNA,PNVL
99026,TPL28,PNVL,TNA
99027,TPL 27,TNA,PNVL
99028,TPL30,PNVL,TNA
99029,TPL 29,TNA,PNVL
99030,TPL32,PNVL,TNA
99031,TPL 31,TNA,PNVL
99032,TPL34,PNVL,TNA
99033,TPL 33,TNA,PNVL
99034,TPL36,PNVL,TNA
99035,TPL 35,TNA,PNVL
99036,TPL38,PNVL,TNA
99037,TPL 37,TNA,PNVL
99038,TPL40,PNVL,TNA
99039,TPL39,TNA,PNVL
99040,TPL42,PNVL,TNA
99041,TPL41,TNA,PNVL
99042,TPL44,PNVL,TNA
